Date,Time,Average,Peak
2015-05-27,17:51:36,56.137121,56.159929
2015-05-27,17:51:36,54.374223,55.598520
2015-05-27,17:51:36,54.264726,56.323491
2015-05-27,17:51:37,54.954371,55.460301
2015-05-27,17:51:37,54.950724,55.774422
2015-05-27,17:51:37,55.751771,56.297968
2015-05-27,17:51:37,54.094839,55.493663
2015-05-27,17:51:37,56.159819,56.225422
2015-05-27,17:51:37,56.273209,56.780300
2015-05-27,17:51:37,59.683108,59.683108
2015-05-27,17:51:37,57.868903,60.279862
2015-05-27,17:51:37,58.890116,59.771826
2015-05-27,17:51:38,59.618374,59.618374
2015-05-27,17:51:38,59.958778,60.880497
2015-05-27,17:51:38,58.764304,58.869808
2015-05-27,17:51:38,60.371867,60.371867
2015-05-27,17:51:38,57.165836,58.820959
2015-05-27,17:51:38,55.786073,56.711552
2015-05-27,17:51:38,55.434571,56.009926
2015-05-27,17:51:38,55.177724,55.552307
2015-05-27,17:51:39,55.639835,56.500489
2015-05-27,17:51:39,53.868339,55.113983
2015-05-27,17:51:39,55.257803,55.279071
2015-05-27,17:51:39,54.650205,54.667004
2015-05-27,17:51:39,59.349574,65.166694
2015-05-27,17:51:39,54.960077,56.987512
2015-05-27,17:51:39,53.488643,53.938047
2015-05-27,17:51:39,54.108473,54.725791
2015-05-27,17:51:40,55.995208,55.995208
2015-05-27,17:51:40,54.272302,57.059243
2015-05-27,17:51:40,55.770565,55.936464
2015-05-27,17:51:40,54.573978,54.786702
2015-05-27,17:51:40,53.985005,54.589762
2015-05-27,17:51:40,55.605728,55.611875
2015-05-27,17:51:40,54.211907,54.211907
2015-05-27,17:51:40,55.415291,55.845298
2015-05-27,17:51:41,54.771023,55.754707
2015-05-27,17:51:41,54.077122,56.181932
2015-05-27,17:51:41,55.462545,56.609365
2015-05-27,17:51:41,55.707891,56.786259
2015-05-27,17:51:41,57.293691,57.364084
2015-05-27,17:51:41,57.621748,59.346635
2015-05-27,17:51:41,60.561918,60.958269
2015-05-27,17:51:41,58.172024,58.901743
2015-05-27,17:51:41,57.542292,58.063907
2015-05-27,17:51:42,59.706184,59.944018
2015-05-27,17:51:42,59.515083,60.772795
2015-05-27,17:51:42,59.714094,60.485353
2015-05-27,17:51:42,60.393447,60.885646
2015-05-27,17:51:42,61.790324,61.790324
2015-05-27,17:51:42,63.025403,63.063567
2015-05-27,17:51:42,62.442028,63.471827
2015-05-27,17:51:42,61.395926,62.320992
2015-05-27,17:51:43,61.267096,62.130457
2015-05-27,17:51:43,63.121301,63.121301
2015-05-27,17:51:43,64.942339,64.942339
2015-05-27,17:51:43,63.562327,65.932000
2015-05-27,17:51:43,61.099391,61.900275
2015-05-27,17:51:43,59.843609,61.322051
2015-05-27,17:51:43,59.794276,61.333579
2015-05-27,17:51:44,57.805701,60.630952
2015-05-27,17:51:44,58.956977,58.991639
2015-05-27,17:51:44,59.735623,59.939887
2015-05-27,17:51:44,58.183167,58.947624
2015-05-27,17:51:44,57.707882,58.241824
2015-05-27,17:51:44,56.344948,58.774073
2015-05-27,17:51:44,55.809118,57.688985
2015-05-27,17:51:44,59.153213,59.153213
2015-05-27,17:51:45,59.205742,59.238878
2015-05-27,17:51:45,58.097341,59.677957
2015-05-27,17:51:45,59.201648,59.394558
2015-05-27,17:51:45,59.715110,60.019147
2015-05-27,17:51:45,58.091669,59.695985
2015-05-27,17:51:45,58.137638,58.860081
2015-05-27,17:51:45,58.711500,58.711500
2015-05-27,17:51:45,59.381413,59.562317
2015-05-27,17:51:46,59.164850,59.800403
2015-05-27,17:51:46,60.699026,60.818048
2015-05-27,17:51:46,60.395673,60.628312
2015-05-27,17:51:46,61.090454,61.233864
2015-05-27,17:51:46,62.338229,62.344205
2015-05-27,17:51:46,61.066152,62.283061
2015-05-27,17:51:46,61.535229,61.905885
2015-05-27,17:51:47,62.877845,62.880496
2015-05-27,17:51:47,60.910635,62.629895
2015-05-27,17:51:47,59.835514,60.818526
2015-05-27,17:51:47,59.555951,60.094141
2015-05-27,17:51:47,58.983158,59.223888
2015-05-27,17:51:47,59.170931,59.170931
2015-05-27,17:51:47,59.251967,59.679963
2015-05-27,17:51:47,59.444400,60.135711
2015-05-27,17:51:48,59.103815,59.791311
2015-05-27,17:51:48,58.015871,59.701091
2015-05-27,17:51:48,58.384197,58.395012
2015-05-27,17:51:48,55.850451,58.509949
2015-05-27,17:51:48,56.615132,56.857976
2015-05-27,17:51:48,56.631578,56.666089
2015-05-27,17:51:48,56.045011,56.183884
2015-05-27,17:51:48,55.175159,55.478549
2015-05-27,17:51:48,55.034626,55.199192
2015-05-27,17:51:49,55.799705,55.799705
2015-05-27,17:51:49,55.438808,56.281740
2015-05-27,17:51:49,55.633776,56.142294
2015-05-27,17:51:49,56.498761,57.284161
2015-05-27,17:51:49,56.188222,57.121119
2015-05-27,17:51:49,55.601182,56.191354
2015-05-27,17:51:49,56.652038,56.717737
2015-05-27,17:51:49,56.740800,57.147473
2015-05-27,17:51:50,57.145986,57.429943
2015-05-27,17:51:50,57.541874,57.548125
2015-05-27,17:51:50,58.341904,58.706081
2015-05-27,17:51:50,57.054457,57.771785
2015-05-27,17:51:50,57.443485,58.051321
2015-05-27,17:51:50,55.235894,56.662774
2015-05-27,17:51:51,55.294255,57.208283
2015-05-27,17:51:51,56.170916,56.270996
2015-05-27,17:51:51,55.369140,56.889136
2015-05-27,17:51:51,54.068803,56.265169
2015-05-27,17:51:51,55.339973,56.006218
2015-05-27,17:51:51,53.938610,55.947615
2015-05-27,17:51:51,53.926333,55.238355
2015-05-27,17:51:51,53.403043,55.005087
2015-05-27,17:51:52,53.687899,54.300989
2015-05-27,17:51:52,53.257385,53.904059
2015-05-27,17:51:52,52.529748,53.938490
2015-05-27,17:51:52,57.806294,57.834982
2015-05-27,17:51:52,54.787729,54.830797
2015-05-27,17:51:52,52.541761,58.733064
2015-05-27,17:51:52,53.691205,53.691205
2015-05-27,17:51:52,55.005495,55.009584
2015-05-27,17:51:52,56.078269,59.307673
2015-05-27,17:51:53,55.804562,57.533326
2015-05-27,17:51:53,53.275307,55.904958
2015-05-27,17:51:53,54.383222,54.528164
2015-05-27,17:51:53,54.435239,54.469268
2015-05-27,17:51:53,53.771303,55.128970
2015-05-27,17:51:53,53.911315,55.710575
2015-05-27,17:51:53,55.472496,55.535158
2015-05-27,17:51:54,55.016815,55.111577
2015-05-27,17:51:54,53.322237,54.238307
2015-05-27,17:51:54,52.859219,53.874629
2015-05-27,17:51:54,53.898648,53.968626
2015-05-27,17:51:54,54.546418,54.546418
2015-05-27,17:51:54,52.603289,54.349481
2015-05-27,17:51:54,53.383727,53.402829
2015-05-27,17:51:54,53.384529,53.418299
2015-05-27,17:51:54,53.584084,53.592211
2015-05-27,17:51:55,54.794210,55.461530
2015-05-27,17:51:55,54.916533,55.110700
2015-05-27,17:51:55,54.070760,54.079328
2015-05-27,17:51:55,53.295540,54.768784
2015-05-27,17:51:55,54.130457,54.762632
2015-05-27,17:51:55,55.161632,55.161632
2015-05-27,17:51:55,57.522821,57.541764
2015-05-27,17:51:56,55.011287,55.027122
2015-05-27,17:51:56,54.232185,54.616322
2015-05-27,17:51:56,54.762577,54.801633
2015-05-27,17:51:56,55.165102,55.240573
2015-05-27,17:51:56,53.729035,54.010148
2015-05-27,17:51:56,55.098307,57.201141
2015-05-27,17:51:56,59.161736,59.534209
2015-05-27,17:51:56,64.884279,64.885184
2015-05-27,17:51:56,55.250382,65.861319
2015-05-27,17:51:57,52.543141,53.009280
2015-05-27,17:51:57,52.981094,53.167288
2015-05-27,17:51:57,53.058598,53.755238
2015-05-27,17:51:57,51.794202,53.150845
2015-05-27,17:51:57,52.638349,53.110672
2015-05-27,17:51:57,55.938209,56.779246
2015-05-27,17:51:57,54.823531,54.877852
2015-05-27,17:51:58,52.906882,54.475422
2015-05-27,17:51:58,52.370676,52.435659
2015-05-27,17:51:58,51.956098,53.482082
2015-05-27,17:51:58,55.186637,55.186637
2015-05-27,17:51:58,53.946420,57.938200
2015-05-27,17:51:58,53.296665,54.519885
2015-05-27,17:51:58,54.324377,55.222578
2015-05-27,17:51:58,52.987457,53.098307
2015-05-27,17:51:59,52.857891,54.164009
2015-05-27,17:51:59,53.341882,53.856148
2015-05-27,17:51:59,52.850477,53.959535
2015-05-27,17:51:59,52.875906,52.986158
2015-05-27,17:51:59,60.155546,60.178930
2015-05-27,17:51:59,56.362732,59.414952
2015-05-27,17:51:59,58.105193,58.140621
2015-05-27,17:51:59,58.406961,58.738977
2015-05-27,17:51:59,56.484690,56.487533
2015-05-27,17:52:00,51.928224,55.614003
2015-05-27,17:52:00,51.281846,51.641817
2015-05-27,17:52:00,51.409339,51.592224
2015-05-27,17:52:00,51.620437,51.782449
2015-05-27,17:52:00,59.278670,59.605272
2015-05-27,17:52:00,54.468551,54.468551
2015-05-27,17:52:00,52.649745,57.861939
2015-05-27,17:52:01,51.223107,52.689687
2015-05-27,17:52:01,52.924527,53.745240
2015-05-27,17:52:01,53.791799,54.319783
2015-05-27,17:52:01,51.107134,51.986455
2015-05-27,17:52:01,52.136911,52.195281
2015-05-27,17:52:01,51.586545,54.371068
2015-05-27,17:52:01,52.451095,52.464411
2015-05-27,17:52:01,54.660255,54.735603
2015-05-27,17:52:02,53.542544,53.542544
2015-05-27,17:52:02,51.692601,54.484582
2015-05-27,17:52:02,52.640191,54.832674
2015-05-27,17:52:02,52.699074,53.624277
2015-05-27,17:52:02,52.446719,52.799110
2015-05-27,17:52:02,52.364667,53.365525
2015-05-27,17:52:02,52.661900,52.980711
2015-05-27,17:52:02,52.539292,52.796014
2015-05-27,17:52:02,51.381271,52.567665
2015-05-27,17:52:03,51.833029,52.441980
2015-05-27,17:52:03,52.533666,52.726707
2015-05-27,17:52:03,52.811301,52.811301
2015-05-27,17:52:03,58.450819,59.335688
2015-05-27,17:52:03,54.962376,57.133492
2015-05-27,17:52:03,53.170448,53.367091
2015-05-27,17:52:03,52.976838,54.053336
2015-05-27,17:52:03,52.842370,53.063586
2015-05-27,17:52:04,52.174990,53.433979
2015-05-27,17:52:04,53.122084,53.131643
2015-05-27,17:52:04,52.493487,52.604236
2015-05-27,17:52:04,52.639455,52.769386
2015-05-27,17:52:04,52.450366,53.383137
2015-05-27,17:52:04,54.718493,54.838977
2015-05-27,17:52:04,52.674075,52.717684
2015-05-27,17:52:04,52.809266,57.851732
2015-05-27,17:52:05,53.469616,53.670009
2015-05-27,17:52:05,52.310747,53.992782
2015-05-27,17:52:05,53.780295,54.052747
2015-05-27,17:52:05,53.599045,54.854732
2015-05-27,17:52:05,53.331835,53.750179
2015-05-27,17:52:05,53.903682,53.991536
2015-05-27,17:52:05,55.384578,55.559006
2015-05-27,17:52:05,55.612965,55.660430
2015-05-27,17:52:06,54.863504,54.895929
2015-05-27,17:52:06,54.683557,55.643441
2015-05-27,17:52:06,56.302009,56.302009
2015-05-27,17:52:06,56.709257,57.076104
2015-05-27,17:52:06,57.316623,58.164098
2015-05-27,17:52:06,58.714964,58.854125
2015-05-27,17:52:06,58.377805,58.423560
2015-05-27,17:52:06,58.543488,58.952928
2015-05-27,17:52:07,58.478259,59.445877
2015-05-27,17:52:07,58.398956,58.486536
2015-05-27,17:52:07,58.040042,59.048958
2015-05-27,17:52:07,58.304246,58.547156
2015-05-27,17:52:07,60.211611,60.236720
2015-05-27,17:52:07,60.042230,60.050471
2015-05-27,17:52:07,59.266262,59.832296
2015-05-27,17:52:07,59.011599,59.930108
2015-05-27,17:52:08,59.499327,60.555795
2015-05-27,17:52:08,59.794742,59.904746
2015-05-27,17:52:08,59.719017,60.923363
2015-05-27,17:52:08,60.377100,60.709683
2015-05-27,17:52:08,61.070469,61.086814
2015-05-27,17:52:08,62.176803,62.275938
2015-05-27,17:52:08,63.027051,63.399397
2015-05-27,17:52:08,63.761436,64.243961
2015-05-27,17:52:09,65.279979,65.309619
2015-05-27,17:52:09,63.967600,65.506126
2015-05-27,17:52:09,64.598454,64.690320
2015-05-27,17:52:09,65.229199,65.255214
2015-05-27,17:52:09,64.935473,65.335856
2015-05-27,17:52:09,66.511018,66.511018
2015-05-27,17:52:09,65.980403,66.921477
2015-05-27,17:52:09,68.138878,68.488462
2015-05-27,17:52:10,68.292658,68.948881
2015-05-27,17:52:10,67.923470,68.853414
2015-05-27,17:52:10,67.730650,67.969239
2015-05-27,17:52:10,66.764686,67.339647
2015-05-27,17:52:10,65.764590,66.408626
2015-05-27,17:52:10,64.701969,66.181407
2015-05-27,17:52:10,63.669650,64.764113
2015-05-27,17:52:10,62.946871,64.509516
2015-05-27,17:52:11,60.370815,63.549400
2015-05-27,17:52:11,60.132104,61.656093
2015-05-27,17:52:11,59.919348,60.809776
2015-05-27,17:52:11,61.111971,61.853053
2015-05-27,17:52:11,59.537114,60.581146
2015-05-27,17:52:11,60.142080,60.675412
2015-05-27,17:52:11,60.223792,61.567303
2015-05-27,17:52:12,61.297729,61.297729
2015-05-27,17:52:12,60.755410,60.765387
2015-05-27,17:52:12,59.308473,60.720915
2015-05-27,17:52:12,59.233487,59.712734
2015-05-27,17:52:12,58.022380,58.780080
2015-05-27,17:52:12,58.515232,59.395587
2015-05-27,17:52:12,58.239434,58.239434
2015-05-27,17:52:12,57.889548,58.270303
2015-05-27,17:52:13,56.302092,57.442418
2015-05-27,17:52:13,56.104264,56.561791
2015-05-27,17:52:13,56.348119,57.039227
2015-05-27,17:52:13,55.735824,55.829600
2015-05-27,17:52:13,55.663437,56.186830
2015-05-27,17:52:13,55.935810,56.026587
2015-05-27,17:52:13,56.254054,56.254054
2015-05-27,17:52:13,55.059588,56.303231
2015-05-27,17:52:13,55.457877,55.467611
2015-05-27,17:52:14,53.324157,55.816651
2015-05-27,17:52:14,54.340494,54.408563
2015-05-27,17:52:14,53.089502,54.284428
2015-05-27,17:52:14,52.708817,53.718793
2015-05-27,17:52:14,51.949973,54.494639
2015-05-27,17:52:14,51.513649,52.599809
2015-05-27,17:52:14,50.616973,53.032947
2015-05-27,17:52:15,52.370988,53.422656
2015-05-27,17:52:15,52.943599,53.035394
2015-05-27,17:52:15,50.628370,52.409530
2015-05-27,17:52:15,51.800696,52.280521
2015-05-27,17:52:15,52.518783,52.597576
2015-05-27,17:52:15,52.102997,52.134115
2015-05-27,17:52:15,51.607976,52.290828
2015-05-27,17:52:15,51.469484,51.678756
2015-05-27,17:52:15,53.946913,55.484908
2015-05-27,17:52:16,51.423216,51.620191
2015-05-27,17:52:16,53.194044,53.222376
2015-05-27,17:52:16,51.947565,52.711090
2015-05-27,17:52:16,52.267205,52.393303
2015-05-27,17:52:16,52.357606,52.678042
2015-05-27,17:52:16,51.409336,51.927407
2015-05-27,17:52:16,52.574838,54.662098
2015-05-27,17:52:16,54.173446,54.173446
2015-05-27,17:52:17,51.632778,53.337914
2015-05-27,17:52:17,51.767870,52.990570
2015-05-27,17:52:17,50.982624,52.759427
2015-05-27,17:52:17,52.576983,54.461534
2015-05-27,17:52:17,52.691428,53.195367
2015-05-27,17:52:17,51.820260,51.820260
2015-05-27,17:52:18,52.259775,54.193477
2015-05-27,17:52:18,51.156224,51.853581
2015-05-27,17:52:18,50.048167,51.285428
2015-05-27,17:52:18,51.734737,52.013509
2015-05-27,17:52:18,49.932795,50.548264
2015-05-27,17:52:18,50.551079,51.170939
2015-05-27,17:52:18,51.092288,51.516898
2015-05-27,17:52:18,51.558759,52.066084
2015-05-27,17:52:19,51.436073,52.011674
2015-05-27,17:52:19,51.496732,51.668114
2015-05-27,17:52:19,50.869090,51.846255
2015-05-27,17:52:19,51.143270,51.143270
2015-05-27,17:52:19,52.666096,52.670412
2015-05-27,17:52:19,53.168298,53.182778
2015-05-27,17:52:19,53.143417,53.345158
2015-05-27,17:52:19,53.120200,53.878252
2015-05-27,17:52:20,52.496601,52.712685
2015-05-27,17:52:20,52.506218,52.952643
2015-05-27,17:52:20,53.233741,53.791577
2015-05-27,17:52:20,54.091372,54.537216
2015-05-27,17:52:20,54.123474,54.842529
2015-05-27,17:52:20,53.225258,54.426293
2015-05-27,17:52:20,54.188832,54.250954
2015-05-27,17:52:20,54.220490,54.684656
2015-05-27,17:52:20,53.438650,54.306693
2015-05-27,17:52:21,53.425027,54.016925
2015-05-27,17:52:21,54.754914,54.754914
2015-05-27,17:52:21,53.931027,55.026502
2015-05-27,17:52:21,55.752500,56.584198
2015-05-27,17:52:21,53.827569,56.337892
2015-05-27,17:52:21,55.894853,55.948544
2015-05-27,17:52:21,54.387651,54.565333
2015-05-27,17:52:21,54.473566,54.667609
2015-05-27,17:52:22,53.854732,54.134162
2015-05-27,17:52:22,53.280386,53.782454
2015-05-27,17:52:22,52.305881,54.108673
2015-05-27,17:52:22,50.922764,53.162703
2015-05-27,17:52:22,52.358903,52.454627
2015-05-27,17:52:22,53.285033,53.308523
2015-05-27,17:52:22,52.366814,52.380149
2015-05-27,17:52:22,51.558516,51.669158
2015-05-27,17:52:23,50.772667,50.845462
2015-05-27,17:52:23,48.852673,52.489349
2015-05-27,17:52:23,51.465138,52.215350
2015-05-27,17:52:23,51.774778,53.529038
2015-05-27,17:52:23,51.853962,52.040910
2015-05-27,17:52:23,51.604361,61.389572
2015-05-27,17:52:23,51.557236,51.611667
2015-05-27,17:52:24,50.049788,50.239222
2015-05-27,17:52:24,49.524257,51.501878
2015-05-27,17:52:24,51.297348,51.354805
2015-05-27,17:52:24,50.999695,51.445742
2015-05-27,17:52:24,49.380475,50.848973
2015-05-27,17:52:24,50.321744,51.180174
2015-05-27,17:52:24,50.334243,52.047117
2015-05-27,17:52:24,51.142507,51.484881
2015-05-27,17:52:25,50.321039,50.495173
2015-05-27,17:52:25,50.471889,50.471889
2015-05-27,17:52:25,50.171497,50.793304
2015-05-27,17:52:25,48.826925,49.174430
2015-05-27,17:52:25,49.961897,50.032501
2015-05-27,17:52:25,51.095095,51.287036
2015-05-27,17:52:25,48.703910,48.804446
2015-05-27,17:52:25,51.191453,51.421329
2015-05-27,17:52:26,49.017918,49.291348
2015-05-27,17:52:26,47.872434,50.052416
2015-05-27,17:52:26,50.440358,50.550501
2015-05-27,17:52:26,50.474445,51.226591
2015-05-27,17:52:26,50.280689,50.810699
2015-05-27,17:52:26,48.527382,50.734097
2015-05-27,17:52:26,48.377222,52.237693
2015-05-27,17:52:26,48.908026,50.106570
2015-05-27,17:52:27,48.066686,48.682461
2015-05-27,17:52:27,49.272164,51.067039
2015-05-27,17:52:27,50.404043,50.642466
2015-05-27,17:52:27,49.259332,49.809394
2015-05-27,17:52:27,49.446156,51.269786
2015-05-27,17:52:27,49.204314,51.339975
2015-05-27,17:52:27,49.720140,50.778104
2015-05-27,17:52:27,49.896405,51.548770
2015-05-27,17:52:28,49.016407,49.597868
2015-05-27,17:52:28,49.769156,50.422751
2015-05-27,17:52:28,49.808718,51.292665
2015-05-27,17:52:28,50.690397,50.744110
2015-05-27,17:52:28,49.217487,49.737205
2015-05-27,17:52:28,50.147970,50.422055
2015-05-27,17:52:28,49.736452,50.158931
2015-05-27,17:52:29,49.550100,50.532245
2015-05-27,17:52:29,49.768050,50.243130
2015-05-27,17:52:29,49.567390,50.807551
2015-05-27,17:52:29,51.067300,51.109562
2015-05-27,17:52:29,51.250829,51.803640
2015-05-27,17:52:29,50.420569,52.480292
2015-05-27,17:52:29,50.871887,52.133667
2015-05-27,17:52:29,52.316750,52.588350
2015-05-27,17:52:30,52.279092,52.445473
2015-05-27,17:52:30,51.512463,53.415755
2015-05-27,17:52:30,54.023986,54.124539
2015-05-27,17:52:30,52.862684,53.724830
2015-05-27,17:52:30,53.295031,53.414574
2015-05-27,17:52:30,53.247024,54.687788
2015-05-27,17:52:30,53.532065,55.177859
2015-05-27,17:52:30,54.495177,55.304910
2015-05-27,17:52:31,55.454360,55.626287
2015-05-27,17:52:31,56.091630,56.571460
2015-05-27,17:52:31,56.167224,56.216218
2015-05-27,17:52:31,55.113931,56.939780
2015-05-27,17:52:31,56.328345,57.795119
2015-05-27,17:52:31,57.755072,58.307231
2015-05-27,17:52:31,59.524158,60.315347
2015-05-27,17:52:31,59.238090,59.464975
2015-05-27,17:52:32,58.692785,60.208045
2015-05-27,17:52:32,61.882620,62.706541
2015-05-27,17:52:32,57.834177,59.531089
2015-05-27,17:52:32,56.814034,56.841569
2015-05-27,17:52:32,59.630512,59.630512
2015-05-27,17:52:32,59.022143,59.273223
2015-05-27,17:52:32,57.574653,59.230657
2015-05-27,17:52:32,59.904437,60.188351
2015-05-27,17:52:33,58.409296,59.994278
2015-05-27,17:52:33,58.409576,58.887498
2015-05-27,17:52:33,57.884827,59.888995
2015-05-27,17:52:33,58.144797,58.621248
2015-05-27,17:52:33,54.844339,57.223801
2015-05-27,17:52:33,54.469064,54.916184
2015-05-27,17:52:33,53.578140,54.279189
2015-05-27,17:52:33,53.378664,55.382094
2015-05-27,17:52:34,55.452925,55.786031
2015-05-27,17:52:34,55.345733,55.944166
2015-05-27,17:52:34,54.368771,54.978585
2015-05-27,17:52:34,54.109557,55.557967
2015-05-27,17:52:34,53.288175,53.887450
2015-05-27,17:52:34,53.841551,54.851546
2015-05-27,17:52:34,52.781394,55.671015
2015-05-27,17:52:35,52.839008,54.110633
2015-05-27,17:52:35,53.054369,54.483798
2015-05-27,17:52:35,52.929520,53.610724
2015-05-27,17:52:35,52.424908,54.306589
2015-05-27,17:52:35,51.560475,53.088802
2015-05-27,17:52:35,51.801291,52.358953
2015-05-27,17:52:35,52.629611,52.885020
2015-05-27,17:52:35,52.949388,53.036435
2015-05-27,17:52:36,52.891838,53.235489
2015-05-27,17:52:36,51.753709,52.604879
2015-05-27,17:52:36,53.690098,53.804373
2015-05-27,17:52:36,51.573708,53.607907
2015-05-27,17:52:36,52.811285,53.173193
2015-05-27,17:52:36,52.022137,52.474789
2015-05-27,17:52:36,51.960647,52.298187
2015-05-27,17:52:37,52.226671,52.329982
2015-05-27,17:52:37,52.418976,52.494749
2015-05-27,17:52:37,52.226416,52.536704
2015-05-27,17:52:37,51.969354,51.969354
2015-05-27,17:52:37,52.631654,52.946956
2015-05-27,17:52:37,51.603801,52.881183
2015-05-27,17:52:37,51.501918,52.220889
2015-05-27,17:52:37,51.731322,52.558438
2015-05-27,17:52:38,52.219971,53.345816
2015-05-27,17:52:38,51.785876,53.499169
2015-05-27,17:52:38,53.977665,54.019253
2015-05-27,17:52:38,53.817830,53.918512
2015-05-27,17:52:38,51.870720,53.601501
2015-05-27,17:52:38,54.249039,55.396726
2015-05-27,17:52:38,53.857153,55.167199
2015-05-27,17:52:39,54.208000,55.054667
2015-05-27,17:52:39,55.920488,57.097227
2015-05-27,17:52:39,55.468452,56.717106
2015-05-27,17:52:39,57.470299,57.517748
2015-05-27,17:52:39,57.626799,58.102642
2015-05-27,17:52:39,56.985103,57.007167
2015-05-27,17:52:39,57.791650,58.068407
2015-05-27,17:52:39,57.468407,57.846344
2015-05-27,17:52:40,57.032542,58.228503
2015-05-27,17:52:40,57.859292,58.727874
2015-05-27,17:52:40,57.966067,58.017578
2015-05-27,17:52:40,57.951605,59.209031
2015-05-27,17:52:40,57.994358,58.467149
2015-05-27,17:52:40,58.300142,58.502793
2015-05-27,17:52:40,59.437621,59.640241
2015-05-27,17:52:40,57.662616,59.446620
2015-05-27,17:52:41,58.293745,59.303802
2015-05-27,17:52:41,57.218595,57.471321
2015-05-27,17:52:41,57.414955,58.778170
2015-05-27,17:52:41,57.436345,57.473347
2015-05-27,17:52:41,56.937489,57.425479
2015-05-27,17:52:41,57.305417,57.489623
2015-05-27,17:52:41,55.641909,57.533538
2015-05-27,17:52:41,57.492384,57.756310
2015-05-27,17:52:42,57.843133,57.843133
2015-05-27,17:52:42,55.958605,57.007944
2015-05-27,17:52:42,55.912650,57.372780
2015-05-27,17:52:42,57.117127,57.687445
2015-05-27,17:52:42,57.546373,57.650525
2015-05-27,17:52:42,57.539414,57.556999
2015-05-27,17:52:42,58.025683,58.433823
2015-05-27,17:52:42,57.834193,59.101357
2015-05-27,17:52:43,58.980948,59.034676
2015-05-27,17:52:43,58.732874,59.006258
2015-05-27,17:52:43,59.019967,59.128894
2015-05-27,17:52:43,58.964969,59.565595
2015-05-27,17:52:43,57.877242,57.954590
2015-05-27,17:52:43,58.097746,60.036576
2015-05-27,17:52:43,60.558322,60.639758
2015-05-27,17:52:43,59.988602,59.988602
2015-05-27,17:52:44,56.521058,57.870873
2015-05-27,17:52:44,56.631271,57.942247
2015-05-27,17:52:44,56.219176,56.234428
2015-05-27,17:52:44,57.913626,57.943943
2015-05-27,17:52:44,57.108691,57.638303
2015-05-27,17:52:44,56.020023,58.249777
2015-05-27,17:52:44,55.682821,56.055154
2015-05-27,17:52:44,54.832780,56.226363
2015-05-27,17:52:45,57.701398,57.701398
2015-05-27,17:52:45,57.366751,57.366751
2015-05-27,17:52:45,56.521167,57.457485
2015-05-27,17:52:45,59.776653,59.888349
2015-05-27,17:52:45,55.098011,55.407680
2015-05-27,17:52:45,54.471545,56.750119
2015-05-27,17:52:45,56.466752,56.623069
2015-05-27,17:52:46,56.286943,57.071601
2015-05-27,17:52:46,56.431464,57.976373
2015-05-27,17:52:46,55.718107,56.614302
2015-05-27,17:52:46,57.530081,57.703298
2015-05-27,17:52:46,56.666034,56.671211
2015-05-27,17:52:46,56.466542,57.464058
2015-05-27,17:52:46,58.273363,58.631912
2015-05-27,17:52:47,57.670273,59.474751
2015-05-27,17:52:47,57.583947,57.825586
2015-05-27,17:52:47,58.025043,58.189410
2015-05-27,17:52:47,57.639177,59.091145
2015-05-27,17:52:47,58.327584,58.418861
2015-05-27,17:52:47,57.185930,58.669143
2015-05-27,17:52:47,57.712423,57.800024
2015-05-27,17:52:47,61.162450,61.174400
2015-05-27,17:52:48,57.871664,58.885981
2015-05-27,17:52:48,60.568888,60.624284
2015-05-27,17:52:48,59.127579,60.209680
2015-05-27,17:52:48,58.732710,59.879360
2015-05-27,17:52:48,59.040166,60.121606
2015-05-27,17:52:48,60.053161,60.781980
2015-05-27,17:52:48,60.398369,60.710459
2015-05-27,17:52:48,58.359632,59.320350
2015-05-27,17:52:49,59.158354,60.608583
2015-05-27,17:52:49,58.262166,58.775970
2015-05-27,17:52:49,59.681993,59.704366
2015-05-27,17:52:49,57.921139,60.272357
2015-05-27,17:52:49,61.128713,61.128713
2015-05-27,17:52:49,58.249081,59.280824
2015-05-27,17:52:49,58.739042,59.927829
2015-05-27,17:52:49,58.657591,60.914791
2015-05-27,17:52:50,60.351412,60.534745
2015-05-27,17:52:50,59.675969,60.117677
2015-05-27,17:52:50,60.749617,60.870873
2015-05-27,17:52:50,60.226958,60.363417
2015-05-27,17:52:50,58.975705,60.014940
2015-05-27,17:52:50,59.005528,61.348728
2015-05-27,17:52:50,60.538028,60.538028
2015-05-27,17:52:51,60.551627,61.342379
2015-05-27,17:52:51,58.236833,60.292162
2015-05-27,17:52:51,59.024361,63.008475
2015-05-27,17:52:51,60.002590,60.158622
2015-05-27,17:52:51,58.767719,60.569348
2015-05-27,17:52:51,60.733615,61.547457
2015-05-27,17:52:51,59.633228,60.588054
2015-05-27,17:52:51,60.742996,60.831260
2015-05-27,17:52:51,59.343237,60.562834
2015-05-27,17:52:52,60.973943,61.056850
2015-05-27,17:52:52,59.595956,60.079709
2015-05-27,17:52:52,58.689527,60.618776
2015-05-27,17:52:52,59.021850,59.656655
2015-05-27,17:52:52,60.285026,60.293399
2015-05-27,17:52:52,59.862328,60.946041
2015-05-27,17:52:52,58.994727,60.739996
2015-05-27,17:52:53,58.684444,59.332707
2015-05-27,17:52:53,59.413013,59.981820
2015-05-27,17:52:53,58.330005,60.279483
2015-05-27,17:52:53,61.455300,61.484004
2015-05-27,17:52:53,60.407820,60.407820
2015-05-27,17:52:53,60.486851,61.004773
2015-05-27,17:52:53,59.718304,60.344692
2015-05-27,17:52:53,60.744178,61.175109
2015-05-27,17:52:54,62.014272,62.014272
2015-05-27,17:52:54,60.348356,61.881864
2015-05-27,17:52:54,62.291900,62.306827
2015-05-27,17:52:54,60.112679,60.734020
2015-05-27,17:52:54,61.018814,61.553309
2015-05-27,17:52:54,61.193063,61.298958
2015-05-27,17:52:54,61.356836,61.562507
2015-05-27,17:52:54,62.145912,62.336332
2015-05-27,17:52:55,62.031771,63.012084
2015-05-27,17:52:55,62.451731,63.186208
2015-05-27,17:52:55,61.562458,62.166057
2015-05-27,17:52:55,59.780751,61.359029
2015-05-27,17:52:55,59.610100,60.985610
2015-05-27,17:52:55,60.166647,62.456139
2015-05-27,17:52:55,60.723974,61.770250
2015-05-27,17:52:55,59.317617,60.786453
2015-05-27,17:52:56,59.640958,60.826424
2015-05-27,17:52:56,58.567179,60.789788
2015-05-27,17:52:56,62.489679,62.489679
2015-05-27,17:52:56,60.459218,62.675770
2015-05-27,17:52:56,62.326098,62.326098
2015-05-27,17:52:56,60.515830,62.348696
2015-05-27,17:52:56,60.898052,62.153008
2015-05-27,17:52:56,61.608019,62.022402
2015-05-27,17:52:57,59.657296,60.881543
2015-05-27,17:52:57,60.167695,60.374477
2015-05-27,17:52:57,59.499115,59.984008
2015-05-27,17:52:57,58.776596,59.060528
2015-05-27,17:52:57,57.725836,58.740153
2015-05-27,17:52:57,58.146454,59.639273
2015-05-27,17:52:57,60.081287,60.144110
2015-05-27,17:52:57,59.851317,59.992579
2015-05-27,17:52:58,59.307291,59.401851
2015-05-27,17:52:58,59.193946,60.454032
2015-05-27,17:52:58,61.468732,62.026357
2015-05-27,17:52:58,61.033210,61.102664
2015-05-27,17:52:58,60.511475,61.059006
2015-05-27,17:52:58,62.401879,62.419567
2015-05-27,17:52:58,60.343956,61.255847
2015-05-27,17:52:59,61.147568,62.699762
2015-05-27,17:52:59,61.054623,61.438105
2015-05-27,17:52:59,61.112904,62.213711
2015-05-27,17:52:59,61.425131,62.339766
2015-05-27,17:52:59,63.535520,64.923210
2015-05-27,17:52:59,63.513658,63.741533
2015-05-27,17:52:59,61.641241,65.430908
2015-05-27,17:52:59,60.703898,63.923116
2015-05-27,17:53:00,63.026984,63.193309
2015-05-27,17:53:00,59.502407,60.706804
2015-05-27,17:53:00,60.612720,60.762625
2015-05-27,17:53:00,58.363502,60.549621
2015-05-27,17:53:00,60.875604,61.852976
2015-05-27,17:53:00,59.834565,60.427656
2015-05-27,17:53:00,59.385229,61.243480
2015-05-27,17:53:00,60.962137,61.595485
2015-05-27,17:53:01,59.934315,61.321424
2015-05-27,17:53:01,60.541503,61.162502
2015-05-27,17:53:01,60.362569,61.591286
2015-05-27,17:53:01,60.158338,60.588032
2015-05-27,17:53:01,60.372762,61.798526
2015-05-27,17:53:01,58.644781,59.420133
2015-05-27,17:53:01,58.924502,60.807256
2015-05-27,17:53:02,58.667677,60.386191
2015-05-27,17:53:02,58.719008,59.166200
2015-05-27,17:53:02,58.581886,59.242370
2015-05-27,17:53:02,58.784258,60.028619
2015-05-27,17:53:02,57.977630,58.810692
2015-05-27,17:53:02,59.340043,60.185884
2015-05-27,17:53:02,58.990437,59.670647
2015-05-27,17:53:03,59.137062,60.777443
2015-05-27,17:53:03,59.330577,59.426905
2015-05-27,17:53:03,58.641560,60.070475
2015-05-27,17:53:03,58.553380,58.872345
2015-05-27,17:53:03,60.475210,61.016253
2015-05-27,17:53:03,62.676899,62.930427
2015-05-27,17:53:03,59.471806,59.839836
2015-05-27,17:53:03,61.179670,61.347893
2015-05-27,17:53:04,59.530523,63.603454
2015-05-27,17:53:04,59.978888,60.420551
2015-05-27,17:53:04,59.604958,60.528117
2015-05-27,17:53:04,59.531103,60.991284
2015-05-27,17:53:04,58.904121,59.405859
2015-05-27,17:53:04,59.023129,59.496693
2015-05-27,17:53:04,57.795059,59.691338
2015-05-27,17:53:05,58.029084,58.034016
2015-05-27,17:53:05,57.327615,57.806783
2015-05-27,17:53:05,55.297185,57.706860
2015-05-27,17:53:05,57.358807,57.358807
2015-05-27,17:53:05,56.871444,56.871444
2015-05-27,17:53:05,57.490338,57.490338
2015-05-27,17:53:05,56.870988,57.128398
2015-05-27,17:53:05,56.716381,57.465505
2015-05-27,17:53:06,56.466111,56.466111
2015-05-27,17:53:06,56.586466,57.012842
2015-05-27,17:53:06,56.468537,56.916301
2015-05-27,17:53:06,57.601093,57.984875
2015-05-27,17:53:06,56.735519,58.781486
2015-05-27,17:53:06,58.054572,58.277123
2015-05-27,17:53:06,57.660035,58.529739
2015-05-27,17:53:07,57.405890,59.243791
2015-05-27,17:53:07,59.228857,59.507582
2015-05-27,17:53:07,56.535357,59.846335
2015-05-27,17:53:07,56.246832,58.002560
2015-05-27,17:53:07,56.402684,57.309786
2015-05-27,17:53:07,56.730353,57.199718
2015-05-27,17:53:07,57.994418,58.609031
2015-05-27,17:53:07,57.221533,58.797632
2015-05-27,17:53:08,56.889567,58.281187
2015-05-27,17:53:08,56.973602,57.519198
2015-05-27,17:53:08,55.980207,58.068051
2015-05-27,17:53:08,57.278494,57.452808
2015-05-27,17:53:08,58.399477,58.483622
2015-05-27,17:53:08,57.517455,58.180253
2015-05-27,17:53:08,57.786773,57.832649
2015-05-27,17:53:08,57.033714,57.207846
2015-05-27,17:53:09,57.057906,57.374926
2015-05-27,17:53:09,57.432509,57.732644
2015-05-27,17:53:09,57.479784,57.479784
2015-05-27,17:53:09,57.568441,58.794577
2015-05-27,17:53:09,59.847699,59.855077
2015-05-27,17:53:09,58.775429,58.775429
2015-05-27,17:53:09,59.123670,59.215407
2015-05-27,17:53:10,58.148297,58.380070
2015-05-27,17:53:10,57.574540,57.974402
2015-05-27,17:53:10,57.931805,57.933525
2015-05-27,17:53:10,58.747775,58.835815
2015-05-27,17:53:10,57.927000,58.904064
2015-05-27,17:53:10,59.516091,59.720262
2015-05-27,17:53:10,58.239660,59.657674
2015-05-27,17:53:10,58.627468,59.213113
2015-05-27,17:53:11,59.981952,60.097087
2015-05-27,17:53:11,57.759193,59.522178
2015-05-27,17:53:11,60.870813,60.872712
2015-05-27,17:53:11,60.041055,60.074452
2015-05-27,17:53:11,60.511151,63.529223
2015-05-27,17:53:11,62.239656,62.246385
2015-05-27,17:53:11,60.831817,61.188950
2015-05-27,17:53:11,60.504698,60.767904
2015-05-27,17:53:12,61.631882,61.716155
2015-05-27,17:53:12,59.791998,60.178992
2015-05-27,17:53:12,60.011451,60.476907
2015-05-27,17:53:12,59.982866,60.892388
2015-05-27,17:53:12,60.526886,60.745198
2015-05-27,17:53:12,57.372875,58.600906
2015-05-27,17:53:12,58.665579,59.004913
2015-05-27,17:53:13,58.547067,59.069955
2015-05-27,17:53:13,59.548675,60.842497
2015-05-27,17:53:13,59.089997,59.337059
2015-05-27,17:53:13,59.613559,60.247148
2015-05-27,17:53:13,61.943537,62.577639
2015-05-27,17:53:13,61.856698,62.077469
2015-05-27,17:53:13,61.287340,61.296278
2015-05-27,17:53:13,61.518460,61.623883
2015-05-27,17:53:14,60.449848,61.457115
2015-05-27,17:53:14,61.823984,62.461800
2015-05-27,17:53:14,59.166740,61.055936
2015-05-27,17:53:14,60.383168,60.646607
2015-05-27,17:53:14,61.078123,61.159366
2015-05-27,17:53:14,61.621249,61.673013
2015-05-27,17:53:14,60.579218,61.730361
2015-05-27,17:53:15,59.356327,59.926857
2015-05-27,17:53:15,59.836357,60.412823
2015-05-27,17:53:15,58.703520,59.776669
2015-05-27,17:53:15,59.949835,60.122481
2015-05-27,17:53:15,58.746080,59.213191
2015-05-27,17:53:15,57.430621,58.225321
2015-05-27,17:53:15,57.348880,59.805174
2015-05-27,17:53:15,58.076799,58.107608
2015-05-27,17:53:16,57.614832,57.659097
2015-05-27,17:53:16,56.232064,57.001057
2015-05-27,17:53:16,56.914691,58.529717
2015-05-27,17:53:16,59.546091,59.620934
2015-05-27,17:53:16,60.939330,61.362932
2015-05-27,17:53:16,57.200359,59.292823
2015-05-27,17:53:16,57.661431,58.673756
2015-05-27,17:53:16,57.365908,59.263021
2015-05-27,17:53:17,58.606144,59.064931
2015-05-27,17:53:17,57.321364,57.897626
2015-05-27,17:53:17,58.348257,58.532956
2015-05-27,17:53:17,57.700651,58.032021
2015-05-27,17:53:17,59.149465,59.176909
2015-05-27,17:53:17,58.164376,58.205868
2015-05-27,17:53:17,57.752176,58.510449
2015-05-27,17:53:18,55.282149,58.858950
2015-05-27,17:53:18,56.834787,57.074632
2015-05-27,17:53:18,57.312546,57.635919
2015-05-27,17:53:18,57.500362,57.922053
2015-05-27,17:53:18,58.636789,58.832471
2015-05-27,17:53:18,56.366491,58.035971
2015-05-27,17:53:18,56.135491,56.950437
2015-05-27,17:53:18,56.599977,57.333210
2015-05-27,17:53:19,57.524874,57.524874
2015-05-27,17:53:19,56.184515,59.011656
2015-05-27,17:53:19,55.423200,56.148555
2015-05-27,17:53:19,58.036187,58.082214
2015-05-27,17:53:19,55.906294,56.142701
2015-05-27,17:53:19,54.516880,54.870249
2015-05-27,17:53:19,56.189238,56.193173
2015-05-27,17:53:19,55.588721,55.773386
2015-05-27,17:53:20,56.716667,57.062217
2015-05-27,17:53:20,55.445826,56.466151
2015-05-27,17:53:20,55.325051,57.119283
2015-05-27,17:53:20,54.562537,54.913092
2015-05-27,17:53:20,54.314821,54.436437
2015-05-27,17:53:20,54.615910,55.389291
2015-05-27,17:53:20,53.185370,55.299053
2015-05-27,17:53:21,53.412485,55.183677
2015-05-27,17:53:21,54.919128,55.100173
2015-05-27,17:53:21,54.900412,55.132149
2015-05-27,17:53:21,54.777651,55.036432
2015-05-27,17:53:21,54.553421,54.701273
2015-05-27,17:53:21,53.632185,54.158198
2015-05-27,17:53:21,55.703370,56.021809
2015-05-27,17:53:21,55.273796,55.273796
2015-05-27,17:53:22,55.035853,55.779670
2015-05-27,17:53:22,55.515409,55.860625
2015-05-27,17:53:22,54.330141,57.596652
2015-05-27,17:53:22,55.708328,56.050349
2015-05-27,17:53:22,61.004009,61.254219
2015-05-27,17:53:22,56.407843,58.620386
2015-05-27,17:53:22,55.862035,56.203574
2015-05-27,17:53:23,55.284314,55.849116
2015-05-27,17:53:23,56.525595,56.772316
2015-05-27,17:53:23,56.226636,56.226636
2015-05-27,17:53:23,55.016618,56.708608
2015-05-27,17:53:23,55.121810,55.232075
2015-05-27,17:53:23,56.625785,56.793570
2015-05-27,17:53:23,56.222751,56.243023
2015-05-27,17:53:23,56.677571,56.789853
2015-05-27,17:53:23,54.224647,55.172386
2015-05-27,17:53:24,54.281999,55.569339
2015-05-27,17:53:24,56.592378,56.860783
2015-05-27,17:53:24,54.759415,55.448253
2015-05-27,17:53:24,54.391563,55.728129
2015-05-27,17:53:24,55.131248,55.825280
2015-05-27,17:53:24,56.299290,56.476286
2015-05-27,17:53:24,55.930052,55.978615
2015-05-27,17:53:24,55.221112,55.981994
2015-05-27,17:53:25,55.260131,56.693238
2015-05-27,17:53:25,56.531584,56.756486
2015-05-27,17:53:25,56.373391,56.373391
2015-05-27,17:53:25,56.606397,57.144475
2015-05-27,17:53:25,56.003867,57.554424
2015-05-27,17:53:25,56.423048,57.058785
2015-05-27,17:53:26,56.986679,57.794129
2015-05-27,17:53:26,57.508275,57.522270
2015-05-27,17:53:26,56.798087,57.728272
2015-05-27,17:53:26,57.723783,57.901658
2015-05-27,17:53:26,58.503652,58.545982
2015-05-27,17:53:26,57.748807,58.531178
2015-05-27,17:53:26,56.580015,58.338213
2015-05-27,17:53:26,58.014921,58.119559
2015-05-27,17:53:27,57.877568,58.977781
2015-05-27,17:53:27,57.418623,57.530920
2015-05-27,17:53:27,57.330832,58.610062
2015-05-27,17:53:27,56.455479,58.949155
2015-05-27,17:53:27,56.793410,58.430384
2015-05-27,17:53:27,57.728862,59.069250
2015-05-27,17:53:27,59.037170,59.037170
2015-05-27,17:53:27,57.670635,58.285410
2015-05-27,17:53:28,57.815613,58.444672
2015-05-27,17:53:28,57.109653,58.351437
2015-05-27,17:53:28,58.868105,60.006310
2015-05-27,17:53:28,59.277587,60.206588
2015-05-27,17:53:28,58.507877,60.164563
2015-05-27,17:53:28,58.569742,59.272148
2015-05-27,17:53:28,60.490146,60.549382
2015-05-27,17:53:29,59.662639,61.467990
2015-05-27,17:53:29,60.908474,61.145865
2015-05-27,17:53:29,59.259828,60.109615
2015-05-27,17:53:29,58.322145,59.113463
2015-05-27,17:53:29,57.349720,58.622448
2015-05-27,17:53:29,58.252744,58.720926
2015-05-27,17:53:29,58.686524,60.476383
2015-05-27,17:53:29,56.095384,56.938000
2015-05-27,17:53:30,56.264705,56.496624
2015-05-27,17:53:30,54.608476,54.851910
2015-05-27,17:53:30,54.930669,55.543889
2015-05-27,17:53:30,55.872624,55.972891
2015-05-27,17:53:30,55.088103,55.114065
2015-05-27,17:53:30,55.210608,55.823367
2015-05-27,17:53:30,55.056953,55.152514
2015-05-27,17:53:31,54.363833,54.411979
2015-05-27,17:53:31,54.009253,55.310812
2015-05-27,17:53:31,53.567255,53.803793
2015-05-27,17:53:31,54.147212,54.272317
2015-05-27,17:53:31,53.369339,54.582997
2015-05-27,17:53:31,53.563791,53.677520
2015-05-27,17:53:31,54.883923,54.883923
2015-05-27,17:53:31,55.416013,55.591969
2015-05-27,17:53:32,54.851009,55.170463
2015-05-27,17:53:32,55.097501,55.268678
2015-05-27,17:53:32,55.727177,56.098037
2015-05-27,17:53:32,54.863237,55.123123
2015-05-27,17:53:32,55.481871,55.548980
2015-05-27,17:53:32,54.527084,55.834044
2015-05-27,17:53:32,57.067372,57.195609
2015-05-27,17:53:32,55.834053,55.834053
2015-05-27,17:53:33,56.658064,56.907329
2015-05-27,17:53:33,56.514722,56.858562
2015-05-27,17:53:33,57.246879,57.246879
2015-05-27,17:53:33,56.260457,57.231606
2015-05-27,17:53:33,56.733946,56.741877
2015-05-27,17:53:33,56.673671,57.891377
2015-05-27,17:53:33,57.064944,57.366270
2015-05-27,17:53:34,56.110412,57.280681
2015-05-27,17:53:34,56.268541,56.314097
2015-05-27,17:53:34,56.506635,57.196315
2015-05-27,17:53:34,57.124587,57.131434
2015-05-27,17:53:34,57.495295,57.792946
2015-05-27,17:53:34,57.396146,59.518356
2015-05-27,17:53:34,57.409935,59.354768
2015-05-27,17:53:34,57.508091,58.283903
2015-05-27,17:53:35,57.261728,58.119587
2015-05-27,17:53:35,59.073506,59.496344
2015-05-27,17:53:35,56.880454,58.574394
2015-05-27,17:53:35,58.857839,59.945669
2015-05-27,17:53:35,55.532884,58.341660
2015-05-27,17:53:35,54.696648,56.100168
2015-05-27,17:53:35,54.359938,55.773369
2015-05-27,17:53:35,54.975259,55.136111
2015-05-27,17:53:36,54.908232,55.004437
2015-05-27,17:53:36,54.423452,55.052177
2015-05-27,17:53:36,55.291266,55.998020
2015-05-27,17:53:36,56.147219,56.147219
2015-05-27,17:53:36,55.747051,56.475379
2015-05-27,17:53:36,57.831579,57.837660
2015-05-27,17:53:36,55.771468,56.811371
2015-05-27,17:53:37,56.008214,56.593098
2015-05-27,17:53:37,54.680851,55.328533
2015-05-27,17:53:37,57.084819,57.271512
2015-05-27,17:53:37,56.040770,56.280910
2015-05-27,17:53:37,54.885503,57.886129
2015-05-27,17:53:37,56.350120,56.350120
2015-05-27,17:53:37,55.027382,55.666976
2015-05-27,17:53:37,55.873128,56.263834
2015-05-27,17:53:38,55.839859,56.457115
2015-05-27,17:53:38,55.991004,56.302792
2015-05-27,17:53:38,56.513200,56.583903
2015-05-27,17:53:38,55.259995,56.517630
2015-05-27,17:53:38,55.881615,55.895106
2015-05-27,17:53:38,56.651515,56.651515
2015-05-27,17:53:38,57.620759,57.978419
2015-05-27,17:53:38,57.403672,57.913486
2015-05-27,17:53:39,57.270684,57.330568
2015-05-27,17:53:39,58.612789,58.699085
2015-05-27,17:53:39,56.836861,57.881618
2015-05-27,17:53:39,56.346320,57.045990
2015-05-27,17:53:39,58.325829,58.432827
2015-05-27,17:53:39,56.245080,56.692367
2015-05-27,17:53:40,57.158459,57.906327
2015-05-27,17:53:40,58.317240,58.374942
2015-05-27,17:53:40,57.504833,59.840421
2015-05-27,17:53:40,57.566792,57.935207
2015-05-27,17:53:40,60.432735,60.545333
2015-05-27,17:53:40,60.344829,60.402404
2015-05-27,17:53:40,60.969920,61.165944
2015-05-27,17:53:40,59.918565,60.092465
2015-05-27,17:53:41,59.164249,63.007418
2015-05-27,17:53:41,60.840041,61.726468
2015-05-27,17:53:41,61.107186,61.107186
2015-05-27,17:53:41,61.567159,61.892690
2015-05-27,17:53:41,60.671553,61.820882
2015-05-27,17:53:41,66.030148,66.030148
2015-05-27,17:53:41,62.349517,64.390317
2015-05-27,17:53:41,64.379156,64.508000
2015-05-27,17:53:42,61.817277,65.104979
2015-05-27,17:53:42,59.654561,61.533483
2015-05-27,17:53:42,60.282468,60.548347
2015-05-27,17:53:42,59.593403,60.308507
2015-05-27,17:53:42,59.788793,60.577914
2015-05-27,17:53:42,58.292240,59.444402
2015-05-27,17:53:42,57.328974,58.569411
2015-05-27,17:53:42,58.090859,58.504618
2015-05-27,17:53:43,57.639235,57.639235
2015-05-27,17:53:43,61.876532,63.496159
2015-05-27,17:53:43,55.589815,57.450688
2015-05-27,17:53:43,55.541474,56.369667
2015-05-27,17:53:43,56.685819,56.685819
2015-05-27,17:53:43,56.454203,56.550605
2015-05-27,17:53:43,56.484433,57.198823
2015-05-27,17:53:44,56.014702,57.396719
2015-05-27,17:53:44,56.142749,58.111610
2015-05-27,17:53:44,58.832658,58.850719
2015-05-27,17:53:44,59.888799,60.547651
2015-05-27,17:53:44,54.948098,57.825881
2015-05-27,17:53:44,59.995445,60.052504
2015-05-27,17:53:44,63.328420,63.914659
2015-05-27,17:53:44,59.948426,64.108526
2015-05-27,17:53:45,57.443674,57.511550
2015-05-27,17:53:45,58.602235,59.791971
2015-05-27,17:53:45,60.380604,60.934713
2015-05-27,17:53:45,59.142433,59.170732
2015-05-27,17:53:45,58.474458,61.834451
2015-05-27,17:53:45,60.149826,60.194916
2015-05-27,17:53:45,58.765175,59.095317
2015-05-27,17:53:45,59.025317,59.146799
2015-05-27,17:53:46,57.332632,59.264824
2015-05-27,17:53:46,58.818479,59.059775
2015-05-27,17:53:46,57.443064,57.877211
2015-05-27,17:53:46,58.734273,58.936083
2015-05-27,17:53:46,57.071524,59.643949
2015-05-27,17:53:46,58.347671,59.691045
2015-05-27,17:53:46,56.415646,58.020890
2015-05-27,17:53:46,73.690303,73.691179
2015-05-27,17:53:47,67.372577,68.168496
2015-05-27,17:53:47,59.434440,63.424554
2015-05-27,17:53:47,60.321236,60.673047
2015-05-27,17:53:47,58.425826,58.508874
2015-05-27,17:53:47,56.682386,59.889789
2015-05-27,17:53:47,60.354097,60.467128
2015-05-27,17:53:47,58.883169,60.684005
2015-05-27,17:53:47,60.412162,60.429364
2015-05-27,17:53:47,59.361332,59.689918
2015-05-27,17:53:48,62.557485,62.713288
2015-05-27,17:53:48,60.274763,60.460643
2015-05-27,17:53:48,59.831463,60.678739
2015-05-27,17:53:48,60.282171,62.115578
2015-05-27,17:53:48,61.078372,61.152025
2015-05-27,17:53:48,60.388954,61.150124
2015-05-27,17:53:48,59.604467,60.627083
2015-05-27,17:53:48,61.298725,61.578477
2015-05-27,17:53:49,63.104044,64.045949
2015-05-27,17:53:49,65.637730,65.683674
2015-05-27,17:53:49,63.070256,63.098959
2015-05-27,17:53:49,60.424909,63.587966
2015-05-27,17:53:49,61.922361,65.341403
2015-05-27,17:53:49,60.160531,60.563192
2015-05-27,17:53:49,63.247795,63.439000
2015-05-27,17:53:50,64.436795,64.595775
2015-05-27,17:53:50,62.375732,64.285520
2015-05-27,17:53:50,66.917261,66.929292
2015-05-27,17:53:50,65.616697,66.174790
2015-05-27,17:53:50,62.650761,62.695370
2015-05-27,17:53:50,63.641447,63.641447
2015-05-27,17:53:50,63.101694,65.859427
2015-05-27,17:53:50,64.531626,64.629538
2015-05-27,17:53:50,65.211532,67.006151
2015-05-27,17:53:51,68.807422,69.043297
2015-05-27,17:53:51,69.565306,71.917859
2015-05-27,17:53:51,68.414242,69.439257
2015-05-27,17:53:51,66.791766,68.886323
2015-05-27,17:53:51,71.370955,71.401019
2015-05-27,17:53:51,73.304577,74.516177
2015-05-27,17:53:51,72.513519,74.133606
2015-05-27,17:53:51,69.219398,72.737094
2015-05-27,17:53:52,74.275077,74.275235
2015-05-27,17:53:52,69.263659,71.955031
2015-05-27,17:53:52,69.349239,70.074099
2015-05-27,17:53:52,68.519593,69.085852
2015-05-27,17:53:52,68.876708,70.285178
2015-05-27,17:53:52,71.325139,71.426033
2015-05-27,17:53:52,72.323465,73.313547
2015-05-27,17:53:53,72.824554,73.169614
2015-05-27,17:53:53,73.692409,74.628386
2015-05-27,17:53:53,76.019058,76.521565
2015-05-27,17:53:53,75.293261,76.008556
2015-05-27,17:53:53,74.310746,74.328230
2015-05-27,17:53:53,76.845463,76.912829
2015-05-27,17:53:53,75.969262,75.969262
2015-05-27,17:53:53,74.114752,77.039249
2015-05-27,17:53:54,75.750999,75.881537
2015-05-27,17:53:54,76.544511,76.544511
2015-05-27,17:53:54,77.185216,77.332514
2015-05-27,17:53:54,75.285304,77.034418
2015-05-27,17:53:54,77.106358,79.024861
2015-05-27,17:53:54,75.238750,78.884261
2015-05-27,17:53:54,76.237674,76.529730
2015-05-27,17:53:54,75.504483,78.228685
2015-05-27,17:53:55,76.197754,76.727043
2015-05-27,17:53:55,75.400415,77.221825
2015-05-27,17:53:55,75.785456,75.785456
2015-05-27,17:53:55,75.584300,75.584300
2015-05-27,17:53:55,74.158690,76.014237
2015-05-27,17:53:55,76.545990,77.756364
2015-05-27,17:53:55,77.102727,77.564136
2015-05-27,17:53:55,77.522920,77.708391
2015-05-27,17:53:55,78.114115,78.276718
2015-05-27,17:53:56,75.603124,77.713965
2015-05-27,17:53:56,77.280507,77.302825
2015-05-27,17:53:56,75.598637,76.903721
2015-05-27,17:53:56,75.490549,75.607489
2015-05-27,17:53:56,78.275537,78.304213
2015-05-27,17:53:56,75.984190,77.794094
2015-05-27,17:53:56,74.873833,76.581963
2015-05-27,17:53:57,76.359072,76.473824
2015-05-27,17:53:57,75.299271,75.500844
2015-05-27,17:53:57,73.758233,76.869376
2015-05-27,17:53:57,71.787392,75.201344
2015-05-27,17:53:57,73.508635,73.650758
2015-05-27,17:53:57,72.297610,73.088388
2015-05-27,17:53:57,71.158831,72.915711
2015-05-27,17:53:57,73.339568,73.544039
2015-05-27,17:53:58,70.456729,72.103883
2015-05-27,17:53:58,74.033289,74.498393
2015-05-27,17:53:58,71.748121,72.207788
2015-05-27,17:53:58,70.691645,71.203398
2015-05-27,17:53:58,68.385991,72.179113
2015-05-27,17:53:58,68.140611,70.805727
2015-05-27,17:53:58,68.427101,68.452271
2015-05-27,17:53:58,67.256840,68.055660
2015-05-27,17:53:58,66.453380,67.293275
2015-05-27,17:53:59,67.575486,69.028069
2015-05-27,17:53:59,67.030838,67.451894
2015-05-27,17:53:59,66.740344,68.110818
2015-05-27,17:53:59,69.536440,69.601953
2015-05-27,17:53:59,65.792578,68.926821
2015-05-27,17:53:59,66.823763,67.460608
2015-05-27,17:53:59,63.331475,65.800574
2015-05-27,17:54:00,66.013017,66.037351
2015-05-27,17:54:00,62.613536,64.712814
2015-05-27,17:54:00,63.143417,63.143417
2015-05-27,17:54:00,60.484223,62.328870
2015-05-27,17:54:00,60.790749,63.519590
2015-05-27,17:54:00,59.795990,61.286744
2015-05-27,17:54:00,60.161145,61.184815
2015-05-27,17:54:00,60.634343,61.374739
2015-05-27,17:54:01,60.705747,60.900905
2015-05-27,17:54:01,61.139743,61.620738
2015-05-27,17:54:01,58.502859,59.241333
2015-05-27,17:54:01,58.673244,58.998356
2015-05-27,17:54:01,59.553165,59.759817
2015-05-27,17:54:01,58.341861,59.072499
2015-05-27,17:54:01,58.891807,59.061952
2015-05-27,17:54:01,58.518880,59.172191
2015-05-27,17:54:02,57.838127,59.856028
2015-05-27,17:54:02,59.194745,59.195742
2015-05-27,17:54:02,58.806141,59.016827
2015-05-27,17:54:02,58.663941,58.919276
2015-05-27,17:54:02,58.095262,58.854738
2015-05-27,17:54:02,58.046356,58.453648
2015-05-27,17:54:02,56.685796,58.721125
2015-05-27,17:54:02,57.530840,57.747176
2015-05-27,17:54:03,56.924159,58.927012
2015-05-27,17:54:03,58.706839,59.299562
2015-05-27,17:54:03,56.052304,57.142693
2015-05-27,17:54:03,56.766832,57.268386
2015-05-27,17:54:03,54.814313,57.332571
2015-05-27,17:54:04,57.903503,57.903503
2015-05-27,17:54:04,55.182123,55.810323
2015-05-27,17:54:04,54.571076,54.692763
2015-05-27,17:54:04,54.431422,55.002958
2015-05-27,17:54:04,53.335581,54.998891
2015-05-27,17:54:04,53.263909,55.915791
2015-05-27,17:54:04,54.419763,54.419763
2015-05-27,17:54:04,53.702085,54.668691
2015-05-27,17:54:04,52.472458,54.850730
2015-05-27,17:54:05,54.946523,56.589150
2015-05-27,17:54:05,55.258970,55.636691
2015-05-27,17:54:05,55.095888,55.393528
2015-05-27,17:54:05,54.306356,54.888884
2015-05-27,17:54:05,54.203499,55.177715
2015-05-27,17:54:05,56.621015,56.621015
2015-05-27,17:54:05,55.366362,55.421095
2015-05-27,17:54:05,55.006670,56.644731
2015-05-27,17:54:06,55.113990,56.725868
2015-05-27,17:54:06,55.803786,57.511388
2015-05-27,17:54:06,55.828530,56.972097
2015-05-27,17:54:06,56.579006,57.331529
2015-05-27,17:54:06,57.892988,58.189451
2015-05-27,17:54:06,57.343815,57.722719
2015-05-27,17:54:06,57.331148,57.936160
2015-05-27,17:54:07,58.090299,58.278500
2015-05-27,17:54:07,56.167875,58.537526
2015-05-27,17:54:07,56.330338,56.647150
2015-05-27,17:54:07,57.521650,57.944056
2015-05-27,17:54:07,57.053971,57.932403
2015-05-27,17:54:07,56.225893,56.467015
2015-05-27,17:54:07,56.521204,56.854752
2015-05-27,17:54:07,55.477882,56.493015
2015-05-27,17:54:07,54.767948,56.454354
2015-05-27,17:54:08,54.777328,56.534578
2015-05-27,17:54:08,53.793699,54.964867
2015-05-27,17:54:08,55.990390,56.011611
2015-05-27,17:54:08,55.554791,56.206438
2015-05-27,17:54:08,56.187018,57.483284
2015-05-27,17:54:08,56.376609,56.911552
2015-05-27,17:54:08,56.021312,56.490319
2015-05-27,17:54:08,54.775478,55.071061
2015-05-27,17:54:09,55.241766,56.903579
2015-05-27,17:54:09,54.756615,54.772973
2015-05-27,17:54:09,55.394212,55.853930
2015-05-27,17:54:09,54.553099,56.578328
2015-05-27,17:54:09,55.675472,55.682036
2015-05-27,17:54:09,54.203434,55.377024
2015-05-27,17:54:09,55.162065,55.162065
2015-05-27,17:54:09,55.049382,55.289741
2015-05-27,17:54:10,55.252495,55.564834
2015-05-27,17:54:10,54.645538,56.040939
2015-05-27,17:54:10,55.395765,55.896217
2015-05-27,17:54:10,53.471683,53.484235
2015-05-27,17:54:10,53.491135,53.633883
2015-05-27,17:54:10,53.583605,54.499694
2015-05-27,17:54:10,51.422739,54.073969
2015-05-27,17:54:11,52.485084,52.972682
2015-05-27,17:54:11,53.624719,54.024976
2015-05-27,17:54:11,51.411503,52.077097
2015-05-27,17:54:11,52.773655,53.002747
2015-05-27,17:54:11,54.434980,54.622391
2015-05-27,17:54:11,53.938787,54.311415
2015-05-27,17:54:11,54.470596,54.477414
2015-05-27,17:54:11,53.338777,56.242688
2015-05-27,17:54:11,52.956554,53.043901
2015-05-27,17:54:12,57.171373,60.000151
2015-05-27,17:54:12,57.046581,58.806979
2015-05-27,17:54:12,52.881939,53.897662
2015-05-27,17:54:12,52.452967,52.693087
2015-05-27,17:54:12,52.280114,52.394103
2015-05-27,17:54:12,50.528654,52.503012
2015-05-27,17:54:12,51.075718,52.191218
2015-05-27,17:54:13,50.522433,52.206890
2015-05-27,17:54:13,53.143182,53.143182
2015-05-27,17:54:13,52.145302,52.187919
2015-05-27,17:54:13,51.583027,52.211941
2015-05-27,17:54:13,50.566253,50.812017
2015-05-27,17:54:13,50.732150,52.211678
2015-05-27,17:54:13,50.829913,51.376190
2015-05-27,17:54:13,50.142495,50.319483
2015-05-27,17:54:14,49.399819,49.937952
2015-05-27,17:54:14,51.423742,51.577239
2015-05-27,17:54:14,50.077532,50.410311
2015-05-27,17:54:14,50.206981,51.205839
2015-05-27,17:54:14,51.371595,51.715963
2015-05-27,17:54:14,50.416350,50.779997
2015-05-27,17:54:14,50.952527,51.457652
2015-05-27,17:54:14,50.947963,51.865681
2015-05-27,17:54:14,51.687110,51.957663
2015-05-27,17:54:15,52.554331,52.573552
2015-05-27,17:54:15,50.921935,51.310493
2015-05-27,17:54:15,51.824152,52.086312
2015-05-27,17:54:15,51.801026,51.907749
2015-05-27,17:54:15,51.379584,51.843719
2015-05-27,17:54:15,52.618975,52.618975
2015-05-27,17:54:15,53.467786,53.467786
2015-05-27,17:54:16,51.704907,53.528512
2015-05-27,17:54:16,51.404031,52.627894
2015-05-27,17:54:16,52.191788,52.600884
2015-05-27,17:54:16,53.024926,53.468864
2015-05-27,17:54:16,53.161344,53.493475
2015-05-27,17:54:16,53.942537,54.027311
2015-05-27,17:54:16,53.253608,53.451399
2015-05-27,17:54:16,54.608686,55.091083
2015-05-27,17:54:17,54.529223,55.184934
2015-05-27,17:54:17,54.552605,55.632241
2015-05-27,17:54:17,56.379974,56.487678
2015-05-27,17:54:17,56.573996,56.786160
2015-05-27,17:54:17,57.854509,57.896606
2015-05-27,17:54:17,56.887144,57.247916
2015-05-27,17:54:17,56.420927,56.420927
2015-05-27,17:54:17,56.224833,56.624153
2015-05-27,17:54:18,55.986481,56.141017
2015-05-27,17:54:18,57.101282,58.270321
2015-05-27,17:54:18,57.443456,57.915853
2015-05-27,17:54:18,56.944419,58.663294
2015-05-27,17:54:18,59.321696,59.370536
2015-05-27,17:54:18,57.904748,58.295004
2015-05-27,17:54:18,58.722970,59.267638
2015-05-27,17:54:18,59.627674,59.697801
2015-05-27,17:54:19,58.779685,59.535060
2015-05-27,17:54:19,59.626729,60.725042
2015-05-27,17:54:19,61.309782,61.893060
2015-05-27,17:54:19,62.434644,62.509612
2015-05-27,17:54:19,61.840568,62.625382
2015-05-27,17:54:19,60.666560,62.614685
2015-05-27,17:54:19,60.991736,61.862112
2015-05-27,17:54:19,62.427125,62.451017
2015-05-27,17:54:20,60.339507,60.850179
2015-05-27,17:54:20,59.690372,61.240720
2015-05-27,17:54:20,60.280179,60.779109
2015-05-27,17:54:20,59.552544,60.530214
2015-05-27,17:54:20,59.098407,59.202114
2015-05-27,17:54:20,57.357016,59.272054
2015-05-27,17:54:20,57.493418,57.688204
2015-05-27,17:54:20,55.723522,56.819593
2015-05-27,17:54:21,57.610120,57.777651
2015-05-27,17:54:21,57.090076,57.225900
2015-05-27,17:54:21,56.490690,57.483076
2015-05-27,17:54:21,56.040751,56.579989
2015-05-27,17:54:21,56.279634,56.988662
2015-05-27,17:54:21,55.758922,57.930072
2015-05-27,17:54:21,56.777027,57.242185
2015-05-27,17:54:22,56.035781,56.981148
2015-05-27,17:54:22,55.637665,56.866478
2015-05-27,17:54:22,57.500146,58.020164
2015-05-27,17:54:22,56.848036,57.638081
2015-05-27,17:54:22,57.548483,57.832187
2015-05-27,17:54:22,58.044223,58.191289
2015-05-27,17:54:22,58.981710,59.189214
2015-05-27,17:54:22,58.805023,58.937900
2015-05-27,17:54:23,57.820114,58.252999
2015-05-27,17:54:23,58.333172,58.433608
2015-05-27,17:54:23,58.022258,59.414349
2015-05-27,17:54:23,58.720139,59.918765
2015-05-27,17:54:23,58.516663,59.009823
2015-05-27,17:54:23,59.075471,59.135211
2015-05-27,17:54:23,59.656080,60.513014
2015-05-27,17:54:23,58.594125,58.957007
2015-05-27,17:54:24,57.787783,58.484448
2015-05-27,17:54:24,59.465968,59.642979
2015-05-27,17:54:24,60.001514,60.045630
2015-05-27,17:54:24,58.735836,59.457681
2015-05-27,17:54:24,58.515359,58.777807
2015-05-27,17:54:24,59.799981,59.799981
2015-05-27,17:54:24,58.684109,59.326397
2015-05-27,17:54:24,59.882414,60.170437
2015-05-27,17:54:25,59.754710,62.499226
2015-05-27,17:54:25,58.562464,60.328425
2015-05-27,17:54:25,62.127414,62.864178
2015-05-27,17:54:25,61.183804,61.183804
2015-05-27,17:54:25,59.973536,61.435585
2015-05-27,17:54:25,60.084380,60.519200
2015-05-27,17:54:25,60.840839,61.947833
2015-05-27,17:54:25,58.633581,60.738873
2015-05-27,17:54:26,59.845014,61.920307
2015-05-27,17:54:26,60.459710,60.806696
2015-05-27,17:54:26,60.488952,60.496495
2015-05-27,17:54:26,59.024340,59.749638
2015-05-27,17:54:26,60.360167,60.550603
2015-05-27,17:54:26,57.800442,59.635335
2015-05-27,17:54:26,58.078996,58.440405
2015-05-27,17:54:26,58.554670,58.733968
2015-05-27,17:54:27,58.643262,58.684746
2015-05-27,17:54:27,58.266675,59.829092
2015-05-27,17:54:27,59.079700,59.148138
2015-05-27,17:54:27,60.085626,60.153218
2015-05-27,17:54:27,58.118780,59.679142
2015-05-27,17:54:27,57.097360,58.119595
2015-05-27,17:54:27,57.634185,58.044580
2015-05-27,17:54:28,57.162734,57.529695
2015-05-27,17:54:28,55.741349,57.378047
2015-05-27,17:54:28,56.276941,56.455334
2015-05-27,17:54:28,56.188544,57.708422
2015-05-27,17:54:28,55.691038,56.232288
2015-05-27,17:54:28,56.292202,56.932937
2015-05-27,17:54:28,56.043479,56.308068
2015-05-27,17:54:28,57.154041,57.498179
2015-05-27,17:54:29,57.123611,57.146792
2015-05-27,17:54:29,57.738936,57.777335
2015-05-27,17:54:29,57.983631,58.025954
2015-05-27,17:54:29,57.494749,57.494749
2015-05-27,17:54:29,56.825872,57.428263
2015-05-27,17:54:29,56.235493,58.333531
2015-05-27,17:54:29,58.704194,59.754010
2015-05-27,17:54:29,55.913277,57.020505
2015-05-27,17:54:30,57.809659,58.290741
2015-05-27,17:54:30,56.510162,56.591272
2015-05-27,17:54:30,57.446950,57.457605
2015-05-27,17:54:30,57.193373,58.495635
2015-05-27,17:54:30,56.555762,58.128691
2015-05-27,17:54:30,57.225034,57.855917
2015-05-27,17:54:30,57.667167,58.166265
2015-05-27,17:54:30,58.499816,58.575507
2015-05-27,17:54:31,56.738874,57.250261
2015-05-27,17:54:31,57.803890,59.118133
2015-05-27,17:54:31,58.048098,58.185995
2015-05-27,17:54:31,58.577772,58.753852
2015-05-27,17:54:31,59.662822,59.689101
2015-05-27,17:54:31,58.307949,59.073954
2015-05-27,17:54:31,59.268256,59.397364
2015-05-27,17:54:32,57.562467,61.268671
2015-05-27,17:54:32,59.997064,60.022677
2015-05-27,17:54:32,59.683497,60.900090
2015-05-27,17:54:32,60.050374,60.406164
2015-05-27,17:54:32,61.025758,61.737912
2015-05-27,17:54:32,59.456462,61.223159
2015-05-27,17:54:32,60.686406,60.889299
2015-05-27,17:54:32,60.920796,61.099976
2015-05-27,17:54:33,59.873829,60.603670
2015-05-27,17:54:33,59.767484,60.494515
2015-05-27,17:54:33,60.104330,61.462591
2015-05-27,17:54:33,60.091693,60.312392
2015-05-27,17:54:33,60.588781,60.809270
2015-05-27,17:54:33,59.902138,61.371113
2015-05-27,17:54:33,59.856315,59.876974
2015-05-27,17:54:34,62.141459,62.175739
2015-05-27,17:54:34,61.574782,61.808213
2015-05-27,17:54:34,60.712813,61.590130
2015-05-27,17:54:34,61.349300,61.468483
2015-05-27,17:54:34,61.620101,61.695856
2015-05-27,17:54:34,59.924919,60.236990
2015-05-27,17:54:34,60.233179,60.445462
2015-05-27,17:54:34,60.253578,60.275219
2015-05-27,17:54:35,60.509983,61.114068
2015-05-27,17:54:35,60.682375,60.695794
2015-05-27,17:54:35,59.464180,61.181827
2015-05-27,17:54:35,59.412683,60.916947
2015-05-27,17:54:35,62.476452,62.479962
2015-05-27,17:54:35,63.158431,63.300488
2015-05-27,17:54:35,63.441525,63.455541
2015-05-27,17:54:35,61.533412,61.915807
2015-05-27,17:54:36,60.013371,61.695455
2015-05-27,17:54:36,62.698909,62.698909
2015-05-27,17:54:36,61.730831,61.814222
2015-05-27,17:54:36,60.245391,62.531969
2015-05-27,17:54:36,61.292760,61.328276
2015-05-27,17:54:36,61.841427,61.986264
2015-05-27,17:54:36,62.342909,62.708408
2015-05-27,17:54:36,61.474861,62.182172
2015-05-27,17:54:36,59.745119,61.691723
2015-05-27,17:54:37,60.038623,60.213636
2015-05-27,17:54:37,60.956974,61.037111
2015-05-27,17:54:37,62.131947,63.707590
2015-05-27,17:54:37,63.765057,65.270446
2015-05-27,17:54:37,61.053774,63.212074
2015-05-27,17:54:37,60.727963,60.727963
2015-05-27,17:54:37,62.471999,63.153774
2015-05-27,17:54:38,64.501984,64.501984
2015-05-27,17:54:38,61.869154,63.951416
2015-05-27,17:54:38,63.134350,65.765151
2015-05-27,17:54:38,65.264624,65.264624
2015-05-27,17:54:38,63.371801,63.939295
2015-05-27,17:54:38,63.514365,64.683521
2015-05-27,17:54:38,63.757528,66.338378
2015-05-27,17:54:38,61.707419,64.066765
2015-05-27,17:54:39,61.591673,61.974526
2015-05-27,17:54:39,61.802396,62.331975
2015-05-27,17:54:39,62.102504,62.354959
2015-05-27,17:54:39,61.901325,63.100054
2015-05-27,17:54:39,61.507801,61.580178
2015-05-27,17:54:39,59.614911,61.125969
2015-05-27,17:54:39,60.305596,60.305596
2015-05-27,17:54:39,60.246011,60.771169
2015-05-27,17:54:40,61.211103,61.331733
2015-05-27,17:54:40,60.136824,60.302405
2015-05-27,17:54:40,59.541243,61.205234
2015-05-27,17:54:40,59.426747,60.890525
2015-05-27,17:54:40,59.970663,60.284749
2015-05-27,17:54:40,59.824340,59.910236
2015-05-27,17:54:40,58.673111,59.546499
2015-05-27,17:54:40,60.512692,60.541661
2015-05-27,17:54:40,58.708208,59.351628
2015-05-27,17:54:41,59.620596,59.620596
2015-05-27,17:54:41,58.709978,58.709978
2015-05-27,17:54:41,58.919907,59.578278
2015-05-27,17:54:41,58.172936,58.799352
2015-05-27,17:54:41,58.616218,60.183897
2015-05-27,17:54:41,58.050844,60.976143
2015-05-27,17:54:42,59.896657,60.425139
2015-05-27,17:54:42,61.389121,61.434645
2015-05-27,17:54:42,59.707850,60.063332
2015-05-27,17:54:42,62.676303,62.803012
2015-05-27,17:54:42,61.668785,61.765996
2015-05-27,17:54:42,60.554513,62.149145
2015-05-27,17:54:42,59.418675,61.109152
2015-05-27,17:54:42,60.189760,61.076364
2015-05-27,17:54:43,60.769986,60.908021
2015-05-27,17:54:43,59.251943,59.472548
2015-05-27,17:54:43,59.997353,61.820090
2015-05-27,17:54:43,58.836259,59.902406
2015-05-27,17:54:43,58.228819,59.797517
2015-05-27,17:54:43,58.668905,59.209451
2015-05-27,17:54:43,57.783428,57.967536
2015-05-27,17:54:43,58.360149,58.420370
2015-05-27,17:54:43,57.528999,57.528999
2015-05-27,17:54:44,54.208666,56.527422
2015-05-27,17:54:44,54.395777,57.195755
2015-05-27,17:54:44,55.178872,56.535402
2015-05-27,17:54:44,52.963126,54.650103
2015-05-27,17:54:44,54.416240,54.710641
2015-05-27,17:54:44,54.958753,55.297531
2015-05-27,17:54:44,54.213979,54.546245
2015-05-27,17:54:44,53.748793,54.588149
2015-05-27,17:54:45,53.378048,54.996658
2015-05-27,17:54:45,54.220787,55.479712
2015-05-27,17:54:45,53.243796,53.661288
2015-05-27,17:54:45,52.810558,53.989583
2015-05-27,17:54:45,53.974737,54.646135
2015-05-27,17:54:45,52.447871,52.944080
2015-05-27,17:54:45,53.218863,53.868652
2015-05-27,17:54:46,52.298933,52.397301
2015-05-27,17:54:46,52.547421,54.114815
2015-05-27,17:54:46,52.858072,53.395727
2015-05-27,17:54:46,52.766130,54.332232
2015-05-27,17:54:46,54.061643,54.352823
2015-05-27,17:54:46,54.383551,55.170996
2015-05-27,17:54:46,54.105767,54.890329
2015-05-27,17:54:46,54.377586,56.468823
2015-05-27,17:54:47,55.836397,55.988343
2015-05-27,17:54:47,56.097104,56.184028
2015-05-27,17:54:47,55.963099,56.064761
2015-05-27,17:54:47,56.486762,56.522925
2015-05-27,17:54:47,55.482090,55.599538
2015-05-27,17:54:47,56.641051,56.798974
2015-05-27,17:54:47,58.867841,59.145004
2015-05-27,17:54:47,58.618589,58.737939
2015-05-27,17:54:48,58.269073,58.584734
2015-05-27,17:54:48,59.418651,59.483597
2015-05-27,17:54:48,59.177929,59.309938
2015-05-27,17:54:48,58.035414,59.633979
2015-05-27,17:54:48,58.955224,59.129701
2015-05-27,17:54:48,58.772889,59.850791
2015-05-27,17:54:48,58.589187,58.589187
2015-05-27,17:54:49,59.535444,59.979844
2015-05-27,17:54:49,60.390834,60.441383
2015-05-27,17:54:49,63.108655,63.239335
2015-05-27,17:54:49,60.048992,61.278873
2015-05-27,17:54:49,59.767253,61.387237
2015-05-27,17:54:49,59.504240,59.862640
2015-05-27,17:54:49,59.997492,60.340081
2015-05-27,17:54:49,58.501309,59.984539
2015-05-27,17:54:50,59.268715,59.868558
2015-05-27,17:54:50,59.020441,59.307368
2015-05-27,17:54:50,57.866327,58.185674
2015-05-27,17:54:50,59.285891,59.397814
2015-05-27,17:54:50,58.976074,59.232923
2015-05-27,17:54:50,57.872134,59.226119
2015-05-27,17:54:50,56.398543,58.112498
2015-05-27,17:54:51,55.188651,57.926022
2015-05-27,17:54:51,56.817367,57.979800
2015-05-27,17:54:51,57.358881,57.454634
2015-05-27,17:54:51,58.476654,58.494667
2015-05-27,17:54:51,57.412007,57.638669
2015-05-27,17:54:51,58.127329,58.282863
2015-05-27,17:54:51,56.717042,56.761896
2015-05-27,17:54:51,57.111498,57.311671
2015-05-27,17:54:52,55.790997,56.935032
2015-05-27,17:54:52,57.474294,57.750941
2015-05-27,17:54:52,56.411733,57.293756
2015-05-27,17:54:52,56.026585,57.117652
2015-05-27,17:54:52,55.852316,58.120052
2015-05-27,17:54:52,56.329838,56.570795
2015-05-27,17:54:52,56.408132,58.312229
2015-05-27,17:54:52,57.497063,57.517057
2015-05-27,17:54:53,55.221657,57.403119
2015-05-27,17:54:53,56.845066,56.845066
2015-05-27,17:54:53,58.131037,58.499543
2015-05-27,17:54:53,58.341895,58.347430
2015-05-27,17:54:53,58.372736,58.595894
2015-05-27,17:54:53,57.959586,58.203080
2015-05-27,17:54:53,57.993005,58.239434
2015-05-27,17:54:53,56.611503,56.946786
2015-05-27,17:54:54,57.056627,59.085956
2015-05-27,17:54:54,58.125400,58.208653
2015-05-27,17:54:54,56.532586,58.673676
2015-05-27,17:54:54,56.836980,57.652798
2015-05-27,17:54:54,55.883336,58.167050
2015-05-27,17:54:54,55.154775,55.541588
2015-05-27,17:54:54,55.683826,55.865617
2015-05-27,17:54:54,57.346009,57.447514
2015-05-27,17:54:55,53.519934,56.803180
2015-05-27,17:54:55,55.334987,57.091032
2015-05-27,17:54:55,55.012002,55.899826
2015-05-27,17:54:55,55.991114,56.210679
2015-05-27,17:54:55,56.066222,56.145435
2015-05-27,17:54:55,55.340961,56.033643
2015-05-27,17:54:55,55.470297,57.974157
2015-05-27,17:54:56,55.615508,57.451468
2015-05-27,17:54:56,56.102409,57.141260
2015-05-27,17:54:56,55.425157,55.872270
2015-05-27,17:54:56,55.082144,56.489898
2015-05-27,17:54:56,56.287880,56.891947
2015-05-27,17:54:56,55.267744,56.082671
2015-05-27,17:54:56,55.747925,55.816307
2015-05-27,17:54:56,55.681785,56.797165
2015-05-27,17:54:56,56.140067,56.869213
2015-05-27,17:54:57,55.286367,56.653701
2015-05-27,17:54:57,56.897050,56.990232
2015-05-27,17:54:57,54.852512,58.585407
2015-05-27,17:54:57,54.578655,57.103221
2015-05-27,17:54:57,57.691655,58.604940
2015-05-27,17:54:57,53.257585,55.069939
2015-05-27,17:54:57,52.260022,53.459024
2015-05-27,17:54:57,52.584588,52.967976
2015-05-27,17:54:58,52.610856,52.728433
2015-05-27,17:54:58,52.748470,54.208998
2015-05-27,17:54:58,53.635138,54.629101
2015-05-27,17:54:58,54.266080,55.469144
2015-05-27,17:54:58,55.019164,55.019164
2015-05-27,17:54:58,54.011421,54.025571
2015-05-27,17:54:58,53.354391,53.521782
2015-05-27,17:54:58,53.065480,53.160620
2015-05-27,17:54:59,53.428897,53.452353
2015-05-27,17:54:59,53.295142,53.389844
2015-05-27,17:54:59,53.678039,53.715980
2015-05-27,17:54:59,53.748757,53.858567
2015-05-27,17:54:59,52.214331,53.655863
2015-05-27,17:54:59,52.584163,53.089000
2015-05-27,17:54:59,53.475697,53.490320
2015-05-27,17:54:59,52.641706,53.424876
2015-05-27,17:55:00,52.153159,53.466142
2015-05-27,17:55:00,52.512139,53.299319
2015-05-27,17:55:00,53.446741,53.897972
2015-05-27,17:55:00,50.936071,52.878745
2015-05-27,17:55:00,53.393478,53.814876
2015-05-27,17:55:00,53.389654,53.389654
2015-05-27,17:55:00,51.217013,52.282850
2015-05-27,17:55:00,51.948115,52.326460
2015-05-27,17:55:01,51.292554,53.341891
2015-05-27,17:55:01,51.808131,52.805288
2015-05-27,17:55:01,50.726324,51.958858
2015-05-27,17:55:01,50.654978,52.297033
2015-05-27,17:55:01,52.754945,52.829363
2015-05-27,17:55:01,52.531254,52.662733
2015-05-27,17:55:01,51.430107,52.428438
2015-05-27,17:55:01,52.081862,52.274267
2015-05-27,17:55:02,51.780842,51.971090
2015-05-27,17:55:02,51.176238,52.614714
2015-05-27,17:55:02,53.520151,53.976358
2015-05-27,17:55:02,51.172615,52.566915
2015-05-27,17:55:02,51.482153,51.645680
2015-05-27,17:55:02,51.517800,52.129708
2015-05-27,17:55:02,50.541936,51.185070
2015-05-27,17:55:02,49.801356,51.127569
2015-05-27,17:55:03,50.267184,52.046966
2015-05-27,17:55:03,50.371165,50.371165
2015-05-27,17:55:03,48.843529,51.084720
2015-05-27,17:55:03,48.807736,50.342869
2015-05-27,17:55:03,48.397079,49.631828
2015-05-27,17:55:03,48.426107,48.693960
2015-05-27,17:55:03,48.740495,49.147553
2015-05-27,17:55:03,46.968100,49.153578
2015-05-27,17:55:04,48.181636,48.599388
2015-05-27,17:55:04,47.961568,48.095745
2015-05-27,17:55:04,48.087767,48.648110
2015-05-27,17:55:04,47.996551,48.337309
2015-05-27,17:55:04,46.484635,48.773330
2015-05-27,17:55:04,48.936530,49.117726
2015-05-27,17:55:04,47.353896,50.615870
2015-05-27,17:55:04,48.877012,50.133451
2015-05-27,17:55:05,48.183556,49.176290
2015-05-27,17:55:05,47.873953,47.888958
2015-05-27,17:55:05,48.161513,48.299518
2015-05-27,17:55:05,46.756382,47.589833
2015-05-27,17:55:05,46.777618,48.334106
2015-05-27,17:55:05,46.168744,47.031906
2015-05-27,17:55:05,48.078191,48.090641
2015-05-27,17:55:06,46.182828,47.889461
2015-05-27,17:55:06,45.548321,46.650107
2015-05-27,17:55:06,48.608099,48.762634
2015-05-27,17:55:06,48.557952,48.835326
2015-05-27,17:55:06,48.239786,49.043687
2015-05-27,17:55:06,47.201360,48.716186
2015-05-27,17:55:06,46.361613,48.066573
2015-05-27,17:55:06,44.988158,47.426414
2015-05-27,17:55:07,45.840830,47.970950
2015-05-27,17:55:07,46.669342,47.387585
2015-05-27,17:55:07,46.645299,47.244209
2015-05-27,17:55:07,48.312225,48.412753
2015-05-27,17:55:07,46.795222,46.908023
2015-05-27,17:55:07,47.195598,47.343331
2015-05-27,17:55:07,45.282186,47.350187
2015-05-27,17:55:08,47.278588,47.498832
2015-05-27,17:55:08,48.001704,48.091254
2015-05-27,17:55:08,48.779357,48.928696
2015-05-27,17:55:08,48.163093,48.380622
2015-05-27,17:55:08,48.275705,48.535295
2015-05-27,17:55:08,47.986621,49.611529
2015-05-27,17:55:08,47.032277,49.107910
2015-05-27,17:55:08,49.512297,49.629171
2015-05-27,17:55:09,47.564795,50.134718
2015-05-27,17:55:09,48.620392,48.620392
2015-05-27,17:55:09,48.200375,48.276833
2015-05-27,17:55:09,49.340760,49.348882
2015-05-27,17:55:09,49.050695,49.364255
2015-05-27,17:55:09,48.874676,48.929131
2015-05-27,17:55:09,48.701822,49.023488
2015-05-27,17:55:09,48.499002,49.018779
2015-05-27,17:55:10,48.843645,50.005680
2015-05-27,17:55:10,49.047030,50.219562
2015-05-27,17:55:10,49.091583,49.145914
2015-05-27,17:55:10,49.824732,49.909694
2015-05-27,17:55:10,50.223677,50.223677
2015-05-27,17:55:10,50.208745,50.604292
2015-05-27,17:55:10,49.897961,49.900952
2015-05-27,17:55:11,47.461613,51.352403
2015-05-27,17:55:11,48.379242,48.379242
2015-05-27,17:55:11,45.638125,48.981726
2015-05-27,17:55:11,48.056567,48.667406
2015-05-27,17:55:11,47.383056,48.216044
2015-05-27,17:55:11,48.743548,48.758805
2015-05-27,17:55:11,48.951547,49.827375
2015-05-27,17:55:11,46.388934,49.144115
2015-05-27,17:55:12,48.289820,48.762576
2015-05-27,17:55:12,48.351185,49.017853
2015-05-27,17:55:12,47.967243,48.139404
2015-05-27,17:55:12,47.029860,49.525188
2015-05-27,17:55:12,49.062654,52.780445
2015-05-27,17:55:12,49.293121,49.593452
2015-05-27,17:55:12,48.124379,49.621066
2015-05-27,17:55:13,49.436261,49.595454
2015-05-27,17:55:13,47.316393,49.980030
2015-05-27,17:55:13,48.581044,49.267285
2015-05-27,17:55:13,49.369393,50.399135
2015-05-27,17:55:13,48.825613,49.063395
2015-05-27,17:55:13,49.324001,49.829349
2015-05-27,17:55:13,48.634990,48.962590
2015-05-27,17:55:14,49.553659,49.601664
2015-05-27,17:55:14,50.138565,50.138565
2015-05-27,17:55:14,49.220158,50.028069
2015-05-27,17:55:14,49.673573,50.149829
2015-05-27,17:55:14,49.885264,50.228651
2015-05-27,17:55:14,50.267899,50.587195
2015-05-27,17:55:14,49.753490,52.376628
2015-05-27,17:55:14,50.357162,50.537215
2015-05-27,17:55:15,50.677306,50.677306
2015-05-27,17:55:15,49.484166,51.993515
2015-05-27,17:55:15,50.245037,50.563061
2015-05-27,17:55:15,50.356379,55.068224
2015-05-27,17:55:15,51.668304,52.322259
2015-05-27,17:55:15,52.089147,52.203486
2015-05-27,17:55:15,49.886046,51.950121
2015-05-27,17:55:15,51.285760,52.415720
2015-05-27,17:55:16,52.329281,52.728838
2015-05-27,17:55:16,52.000384,52.000384
2015-05-27,17:55:16,51.878811,51.939492
2015-05-27,17:55:16,52.118207,53.069722
2015-05-27,17:55:16,52.777661,53.047223
2015-05-27,17:55:16,54.171654,54.198173
2015-05-27,17:55:16,52.509325,54.709990
2015-05-27,17:55:16,52.180164,53.912327
2015-05-27,17:55:17,52.369799,54.839651
2015-05-27,17:55:17,51.906948,53.515363
2015-05-27,17:55:17,53.515115,53.682760
2015-05-27,17:55:17,51.741233,53.560859
2015-05-27,17:55:17,53.196265,53.331217
2015-05-27,17:55:17,52.311020,52.664336
2015-05-27,17:55:17,51.206965,51.733121
2015-05-27,17:55:18,52.605547,52.665985
2015-05-27,17:55:18,56.444791,56.478890
2015-05-27,17:55:18,52.969274,53.056621
2015-05-27,17:55:18,51.666839,52.221985
2015-05-27,17:55:18,50.927231,52.175322
2015-05-27,17:55:18,50.063275,50.882315
2015-05-27,17:55:18,50.242528,50.242528
2015-05-27,17:55:18,48.935383,50.148903
2015-05-27,17:55:19,49.476099,49.541976
2015-05-27,17:55:19,48.258169,49.169384
2015-05-27,17:55:19,49.757348,49.757348
2015-05-27,17:55:19,48.188564,49.629814
2015-05-27,17:55:19,49.287374,49.509559
2015-05-27,17:55:19,48.410188,48.505344
2015-05-27,17:55:19,49.753710,49.789366
2015-05-27,17:55:20,48.989132,50.313557
2015-05-27,17:55:20,49.838757,50.011799
2015-05-27,17:55:20,48.984392,49.145725
2015-05-27,17:55:20,49.615681,49.625887
2015-05-27,17:55:20,50.061672,50.225968
2015-05-27,17:55:20,50.419683,50.464328
2015-05-27,17:55:20,49.442414,49.985702
2015-05-27,17:55:20,48.584188,49.873883
2015-05-27,17:55:21,48.320986,48.920458
2015-05-27,17:55:21,48.388573,48.946071
2015-05-27,17:55:21,48.705242,49.030026
2015-05-27,17:55:21,48.356599,48.714591
2015-05-27,17:55:21,48.853814,49.094485
2015-05-27,17:55:21,49.106297,49.126816
2015-05-27,17:55:21,50.284586,51.051652
2015-05-27,17:55:22,50.320160,50.362926
2015-05-27,17:55:22,48.573454,49.531245
2015-05-27,17:55:22,49.225463,49.225463
2015-05-27,17:55:22,49.425848,49.674536
2015-05-27,17:55:22,49.406006,50.394166
2015-05-27,17:55:22,50.081173,50.081173
2015-05-27,17:55:22,49.347032,50.567728
2015-05-27,17:55:23,50.703576,50.716798
2015-05-27,17:55:23,50.041782,50.041782
2015-05-27,17:55:23,51.241933,51.264780
2015-05-27,17:55:23,50.753348,50.984577
2015-05-27,17:55:23,52.169391,52.569017
2015-05-27,17:55:23,50.761379,53.143252
2015-05-27,17:55:23,51.402940,51.658651
2015-05-27,17:55:23,50.971888,52.091299
2015-05-27,17:55:24,50.595535,51.772363
2015-05-27,17:55:24,50.863722,51.031415
2015-05-27,17:55:24,50.948582,51.808488
2015-05-27,17:55:24,49.791907,50.981679
2015-05-27,17:55:24,52.358819,52.403744
2015-05-27,17:55:24,52.609819,52.619009
2015-05-27,17:55:24,50.900217,52.208598
2015-05-27,17:55:24,50.873790,52.095593
2015-05-27,17:55:25,53.048760,53.245151
2015-05-27,17:55:25,53.704217,53.704217
2015-05-27,17:55:25,53.965941,54.069442
2015-05-27,17:55:25,53.505391,53.722058
2015-05-27,17:55:25,55.216515,55.338981
2015-05-27,17:55:25,54.063625,56.063564
2015-05-27,17:55:25,53.768375,56.027168
2015-05-27,17:55:25,55.389505,55.792513
2015-05-27,17:55:26,55.299482,55.697449
2015-05-27,17:55:26,60.887637,61.185216
2015-05-27,17:55:26,56.414366,56.482071
2015-05-27,17:55:26,56.400934,56.484126
2015-05-27,17:55:26,55.894043,57.079989
2015-05-27,17:55:26,56.222400,56.556899
2015-05-27,17:55:26,57.212715,57.477725
2015-05-27,17:55:27,57.090635,57.475981
2015-05-27,17:55:27,57.762010,57.765585
2015-05-27,17:55:27,58.409349,58.467767
2015-05-27,17:55:27,58.005774,58.218836
2015-05-27,17:55:27,57.462308,58.127581
2015-05-27,17:55:27,55.947794,57.171389
2015-05-27,17:55:27,56.241988,56.758539
2015-05-27,17:55:27,56.355881,56.363582
2015-05-27,17:55:28,56.675690,56.675690
2015-05-27,17:55:28,55.319216,56.199294
2015-05-27,17:55:28,55.546825,55.999176
2015-05-27,17:55:28,57.482580,58.148228
2015-05-27,17:55:28,54.283985,55.547054
2015-05-27,17:55:28,53.929660,55.713719
2015-05-27,17:55:28,53.414815,53.554719
2015-05-27,17:55:28,53.677889,55.462120
2015-05-27,17:55:29,54.508565,54.509942
2015-05-27,17:55:29,55.961104,56.997715
2015-05-27,17:55:29,53.563224,55.532603
2015-05-27,17:55:29,53.970777,54.881861
2015-05-27,17:55:29,53.616323,54.830009
2015-05-27,17:55:29,54.205720,55.004702
2015-05-27,17:55:29,54.927212,55.215414
2015-05-27,17:55:29,53.879507,54.854622
2015-05-27,17:55:30,53.684151,54.584174
2015-05-27,17:55:30,52.944476,54.173620
2015-05-27,17:55:30,53.284308,54.588720
2015-05-27,17:55:30,53.716946,53.799541
2015-05-27,17:55:30,52.478380,54.500951
2015-05-27,17:55:30,51.458271,52.211949
2015-05-27,17:55:30,50.677657,52.336511
2015-05-27,17:55:31,51.656990,52.318204
2015-05-27,17:55:31,52.675935,53.258427
2015-05-27,17:55:31,51.997252,52.046950
2015-05-27,17:55:31,51.038907,51.293368
2015-05-27,17:55:31,53.421851,53.711274
2015-05-27,17:55:31,50.890643,52.388180
2015-05-27,17:55:31,52.372797,52.382697
2015-05-27,17:55:31,51.365003,51.820969
2015-05-27,17:55:32,50.988055,51.746483
2015-05-27,17:55:32,51.455505,51.717105
2015-05-27,17:55:32,51.248075,51.248075
2015-05-27,17:55:32,50.469829,50.956583
2015-05-27,17:55:32,50.166979,51.735035
2015-05-27,17:55:32,51.365031,52.220018
2015-05-27,17:55:32,50.524227,51.118507
2015-05-27,17:55:32,50.065902,51.053981
2015-05-27,17:55:33,51.778289,51.798808
2015-05-27,17:55:33,51.165798,52.468293
2015-05-27,17:55:33,52.103975,52.103975
2015-05-27,17:55:33,50.904823,51.811139
2015-05-27,17:55:33,51.497748,51.669884
2015-05-27,17:55:33,50.904528,51.515912
2015-05-27,17:55:33,50.181016,51.392995
2015-05-27,17:55:34,51.029280,51.057085
2015-05-27,17:55:34,49.454981,51.380988
2015-05-27,17:55:34,49.156231,51.132892
2015-05-27,17:55:34,51.832156,52.323687
2015-05-27,17:55:34,50.024446,50.900312
2015-05-27,17:55:34,49.653318,50.642256
2015-05-27,17:55:34,49.874910,51.138592
2015-05-27,17:55:34,49.747215,49.845742
2015-05-27,17:55:35,50.030735,50.338097
2015-05-27,17:55:35,49.647652,50.994850
2015-05-27,17:55:35,49.273180,50.045972
2015-05-27,17:55:35,48.408843,49.565759
2015-05-27,17:55:35,48.483516,49.374372
2015-05-27,17:55:35,48.902180,48.924440
2015-05-27,17:55:35,49.780460,49.978677
2015-05-27,17:55:36,49.563684,49.593135
2015-05-27,17:55:36,50.386348,50.386348
2015-05-27,17:55:36,49.985963,50.540763
2015-05-27,17:55:36,50.025065,50.869601
2015-05-27,17:55:36,47.632755,50.393049
2015-05-27,17:55:36,49.010152,49.286469
2015-05-27,17:55:36,47.514241,50.100688
2015-05-27,17:55:37,48.554826,50.324898
2015-05-27,17:55:37,47.671836,48.106654
2015-05-27,17:55:37,48.979977,49.178182
2015-05-27,17:55:37,46.775447,48.441415
2015-05-27,17:55:37,46.755902,46.855291
2015-05-27,17:55:37,45.733799,49.127667
2015-05-27,17:55:37,46.579351,47.884495
2015-05-27,17:55:37,47.190236,47.563864
2015-05-27,17:55:38,46.448869,47.189705
2015-05-27,17:55:38,47.188399,47.819170
2015-05-27,17:55:38,45.949447,48.834265
2015-05-27,17:55:38,45.499786,47.669139
2015-05-27,17:55:38,46.571434,47.550460
2015-05-27,17:55:38,47.277413,47.644253
2015-05-27,17:55:38,46.558574,47.644156
2015-05-27,17:55:38,46.980915,47.830070
2015-05-27,17:55:39,47.200278,47.200278
2015-05-27,17:55:39,47.320222,47.324218
2015-05-27,17:55:39,46.575995,47.286017
2015-05-27,17:55:39,46.417651,47.432608
2015-05-27,17:55:39,47.225004,47.805906
2015-05-27,17:55:39,48.939253,48.939253
2015-05-27,17:55:39,45.906455,47.003740
2015-05-27,17:55:40,46.435615,46.604258
2015-05-27,17:55:40,46.007730,46.678552
2015-05-27,17:55:40,44.761380,46.947570
2015-05-27,17:55:40,46.620858,47.179958
2015-05-27,17:55:40,46.822503,47.042573
2015-05-27,17:55:40,46.644549,46.815808
2015-05-27,17:55:40,46.334292,47.256966
2015-05-27,17:55:41,46.194082,46.693642
2015-05-27,17:55:41,46.810816,47.194446
2015-05-27,17:55:41,46.101835,47.038490
2015-05-27,17:55:41,46.674488,46.678860
2015-05-27,17:55:41,44.973351,46.722140
2015-05-27,17:55:41,45.893391,47.141072
2015-05-27,17:55:41,47.268874,48.615969
2015-05-27,17:55:41,48.025645,48.659320
2015-05-27,17:55:41,47.264403,47.552475
2015-05-27,17:55:42,44.962499,47.559260
2015-05-27,17:55:42,46.031635,47.930119
2015-05-27,17:55:42,44.485228,46.307456
2015-05-27,17:55:42,48.198869,48.647312
2015-05-27,17:55:42,45.836905,45.836905
2015-05-27,17:55:42,46.542815,46.542815
2015-05-27,17:55:42,46.387262,46.448720
2015-05-27,17:55:43,48.036956,48.107087
2015-05-27,17:55:43,44.455569,47.763098
2015-05-27,17:55:43,46.931926,47.037449
2015-05-27,17:55:43,46.203385,46.263522
2015-05-27,17:55:43,46.413994,46.706129
2015-05-27,17:55:43,45.802989,47.875107
2015-05-27,17:55:43,44.378269,46.331083
2015-05-27,17:55:43,44.712194,45.734667
2015-05-27,17:55:44,45.781337,46.057200
2015-05-27,17:55:44,46.782060,47.008263
2015-05-27,17:55:44,46.744619,47.295793
2015-05-27,17:55:44,43.081287,46.592206
2015-05-27,17:55:44,41.521194,47.147669
2015-05-27,17:55:44,45.818179,45.818179
2015-05-27,17:55:44,46.535819,46.557533
2015-05-27,17:55:45,45.689936,46.797682
2015-05-27,17:55:45,45.058168,47.478664
2015-05-27,17:55:45,48.545782,48.751749
2015-05-27,17:55:45,46.889638,46.941807
2015-05-27,17:55:45,46.681723,46.837437
2015-05-27,17:55:45,44.088860,48.219517
2015-05-27,17:55:45,47.214563,47.214563
2015-05-27,17:55:45,46.072266,47.242132
2015-05-27,17:55:46,46.235641,46.619713
2015-05-27,17:55:46,45.466689,46.554990
2015-05-27,17:55:46,44.486921,46.191068
2015-05-27,17:55:46,44.934334,45.346384
2015-05-27,17:55:46,46.690960,46.690960
2015-05-27,17:55:46,44.680443,47.031137
2015-05-27,17:55:46,45.898366,46.558299
2015-05-27,17:55:47,46.806042,46.873784
2015-05-27,17:55:47,45.255046,45.852369
2015-05-27,17:55:47,45.399930,48.309253
2015-05-27,17:55:47,44.766289,47.362603
2015-05-27,17:55:47,45.603301,46.613278
2015-05-27,17:55:47,46.479568,47.394416
2015-05-27,17:55:47,46.134349,47.342419
2015-05-27,17:55:48,44.692958,45.248511
2015-05-27,17:55:48,43.861395,46.555030
2015-05-27,17:55:48,45.155680,47.364439
2015-05-27,17:55:48,46.709863,46.965358
2015-05-27,17:55:48,45.200999,46.787913
2015-05-27,17:55:48,47.383977,47.391990
2015-05-27,17:55:48,45.479002,46.407292
2015-05-27,17:55:48,47.214733,47.222523
2015-05-27,17:55:49,46.917819,47.284156
2015-05-27,17:55:49,45.832548,46.565871
2015-05-27,17:55:49,47.532313,47.679084
2015-05-27,17:55:49,46.986854,47.441319
2015-05-27,17:55:49,46.926182,48.330976
2015-05-27,17:55:49,46.793266,48.923709
2015-05-27,17:55:49,47.744694,47.776567
2015-05-27,17:55:49,48.070653,48.517131
2015-05-27,17:55:50,48.835698,48.960170
2015-05-27,17:55:50,48.226209,49.234144
2015-05-27,17:55:50,49.149661,49.548323
2015-05-27,17:55:50,49.445319,49.697133
2015-05-27,17:55:50,47.125792,49.511435
2015-05-27,17:55:50,48.646355,49.976640
2015-05-27,17:55:50,48.059231,48.868325
2015-05-27,17:55:51,47.338647,48.865769
2015-05-27,17:55:51,49.334655,49.464620
2015-05-27,17:55:51,49.989665,50.149817
2015-05-27,17:55:51,49.911317,50.257169
2015-05-27,17:55:51,48.664543,50.207264
2015-05-27,17:55:51,49.965497,50.117190
2015-05-27,17:55:51,49.613840,51.032196
2015-05-27,17:55:51,49.285387,50.302649
2015-05-27,17:55:52,50.607296,51.926744
2015-05-27,17:55:52,50.660376,51.371913
2015-05-27,17:55:52,51.040589,52.496473
2015-05-27,17:55:52,53.526098,53.914028
2015-05-27,17:55:52,53.631571,53.665616
2015-05-27,17:55:52,54.233243,54.465636
2015-05-27,17:55:52,55.303171,55.433279
2015-05-27,17:55:52,52.302035,53.757657
2015-05-27,17:55:53,53.406396,53.499187
2015-05-27,17:55:53,52.974271,53.096044
2015-05-27,17:55:53,53.589906,53.704459
2015-05-27,17:55:53,53.564918,53.846129
2015-05-27,17:55:53,53.804295,54.272518
2015-05-27,17:55:53,51.656458,53.109218
2015-05-27,17:55:53,54.403651,54.646709
2015-05-27,17:55:54,52.812849,52.953871
2015-05-27,17:55:54,51.025703,52.867674
2015-05-27,17:55:54,50.933850,51.731717
2015-05-27,17:55:54,50.557396,51.328202
2015-05-27,17:55:54,49.657627,50.348933
2015-05-27,17:55:54,49.702229,50.573620
2015-05-27,17:55:54,49.095064,49.796688
2015-05-27,17:55:54,50.003942,50.111800
2015-05-27,17:55:55,48.197917,49.020659
2015-05-27,17:55:55,49.042461,49.962631
2015-05-27,17:55:55,48.043412,48.964486
2015-05-27,17:55:55,48.600070,49.102387
2015-05-27,17:55:55,48.465089,48.776860
2015-05-27,17:55:55,49.201365,49.201365
2015-05-27,17:55:55,49.305059,49.305059
2015-05-27,17:55:55,48.913200,50.306155
2015-05-27,17:55:55,50.043723,50.212436
2015-05-27,17:55:56,47.822375,49.978122
2015-05-27,17:55:56,48.996637,49.974373
2015-05-27,17:55:56,49.223844,49.384573
2015-05-27,17:55:56,50.510001,50.760483
2015-05-27,17:55:56,49.148630,49.892474
2015-05-27,17:55:56,49.643677,51.057932
2015-05-27,17:55:56,50.358094,50.462437
2015-05-27,17:55:57,52.282291,52.551228
2015-05-27,17:55:57,51.777847,51.777847
2015-05-27,17:55:57,52.071891,52.452005
2015-05-27,17:55:57,53.219430,54.594175
2015-05-27,17:55:57,54.429335,54.916793
2015-05-27,17:55:57,54.072913,54.072913
2015-05-27,17:55:57,53.237408,53.303030
2015-05-27,17:55:57,53.944656,55.227410
2015-05-27,17:55:57,55.144637,55.930587
2015-05-27,17:55:58,55.325531,56.496415
2015-05-27,17:55:58,55.388058,56.414399
2015-05-27,17:55:58,56.214561,56.729787
2015-05-27,17:55:58,56.276924,56.276924
2015-05-27,17:55:58,55.998024,56.432198
2015-05-27,17:55:58,55.926058,57.446186
2015-05-27,17:55:58,56.585132,57.186967
2015-05-27,17:55:58,56.876750,57.017956
2015-05-27,17:55:59,57.235220,57.235220
2015-05-27,17:55:59,57.143090,57.152310
2015-05-27,17:55:59,60.862922,61.076657
2015-05-27,17:55:59,57.055187,58.507279
2015-05-27,17:55:59,57.027147,60.336997
2015-05-27,17:55:59,57.271627,58.273822
2015-05-27,17:55:59,57.948686,58.937024
2015-05-27,17:55:59,57.716864,57.739681
2015-05-27,17:56:00,57.402475,58.198414
2015-05-27,17:56:00,57.926862,57.971769
2015-05-27,17:56:00,57.220844,58.399770
2015-05-27,17:56:00,59.013716,59.013716
2015-05-27,17:56:00,56.759231,56.913147
2015-05-27,17:56:00,58.353145,58.353145
2015-05-27,17:56:00,57.498518,57.498518
2015-05-27,17:56:00,57.668130,58.074519
2015-05-27,17:56:01,58.323296,58.846202
2015-05-27,17:56:01,58.294253,58.369789
2015-05-27,17:56:01,57.688472,58.761337
2015-05-27,17:56:01,57.548152,58.433035
2015-05-27,17:56:01,57.353602,58.969570
2015-05-27,17:56:01,58.454860,59.393173
2015-05-27,17:56:01,58.311182,59.246702
2015-05-27,17:56:01,59.238824,59.454773
2015-05-27,17:56:02,59.666845,59.675569
2015-05-27,17:56:02,58.525254,58.717314
2015-05-27,17:56:02,58.109804,58.337997
2015-05-27,17:56:02,57.698004,59.770664
2015-05-27,17:56:02,59.544371,59.767329
2015-05-27,17:56:02,58.904791,59.345460
2015-05-27,17:56:02,58.959042,59.744208
2015-05-27,17:56:02,58.803617,59.756077
2015-05-27,17:56:02,59.412306,59.921058
2015-05-27,17:56:03,59.432841,59.619875
2015-05-27,17:56:03,59.274386,59.490736
2015-05-27,17:56:03,58.461778,59.873901
2015-05-27,17:56:03,61.469124,61.485620
2015-05-27,17:56:03,60.213884,60.279613
2015-05-27,17:56:03,59.427313,60.875663
2015-05-27,17:56:03,59.839718,60.198929
2015-05-27,17:56:04,59.841918,60.080165
2015-05-27,17:56:04,60.100013,60.100013
2015-05-27,17:56:04,59.202284,60.062876
2015-05-27,17:56:04,59.709672,59.942535
2015-05-27,17:56:04,61.073596,61.638770
2015-05-27,17:56:04,60.917991,61.004424
2015-05-27,17:56:04,59.921563,63.272135
2015-05-27,17:56:04,60.458823,61.675708
2015-05-27,17:56:04,59.246571,61.525209
2015-05-27,17:56:05,58.792603,60.766743
2015-05-27,17:56:05,60.017828,60.130328
2015-05-27,17:56:05,59.949900,60.021648
2015-05-27,17:56:05,60.401768,60.527824
2015-05-27,17:56:05,61.045813,61.325767
2015-05-27,17:56:05,59.820039,60.288546
2015-05-27,17:56:05,59.752973,60.628801
2015-05-27,17:56:05,59.646651,60.145878
2015-05-27,17:56:06,58.808736,60.622286
2015-05-27,17:56:06,60.634730,60.776792
2015-05-27,17:56:06,58.344794,59.369277
2015-05-27,17:56:06,59.597388,61.071558
2015-05-27,17:56:06,60.641369,61.147602
2015-05-27,17:56:06,58.846595,59.523685
2015-05-27,17:56:06,59.395420,60.175572
2015-05-27,17:56:07,60.453286,60.582518
2015-05-27,17:56:07,60.510021,60.625569
2015-05-27,17:56:07,60.098631,60.395614
2015-05-27,17:56:07,60.957026,60.957026
2015-05-27,17:56:07,60.006055,60.006055
2015-05-27,17:56:07,59.594140,60.888000
2015-05-27,17:56:07,59.653934,60.831422
2015-05-27,17:56:07,59.580600,59.841098
2015-05-27,17:56:07,58.360592,58.889736
2015-05-27,17:56:08,57.734266,60.005218
2015-05-27,17:56:08,57.717699,59.539503
2015-05-27,17:56:08,57.749372,60.138708
2015-05-27,17:56:08,57.902327,59.667909
2015-05-27,17:56:08,58.142586,59.199146
2015-05-27,17:56:08,58.079719,58.657442
2015-05-27,17:56:08,59.106211,59.495175
2015-05-27,17:56:09,59.231241,59.248574
2015-05-27,17:56:09,58.488075,59.050141
2015-05-27,17:56:09,58.471576,58.592233
2015-05-27,17:56:09,57.505830,59.145176
2015-05-27,17:56:09,58.664464,58.750668
2015-05-27,17:56:09,59.598082,61.081422
2015-05-27,17:56:09,57.820094,58.985370
2015-05-27,17:56:09,58.016236,58.851649
2015-05-27,17:56:10,57.510644,57.921865
2015-05-27,17:56:10,56.735839,58.300122
2015-05-27,17:56:10,56.467352,56.714686
2015-05-27,17:56:10,56.746474,56.779275
2015-05-27,17:56:10,57.223307,57.387725
2015-05-27,17:56:10,58.319222,58.324454
2015-05-27,17:56:10,57.522846,57.964016
2015-05-27,17:56:11,58.732562,58.749054
2015-05-27,17:56:11,57.671005,58.740954
2015-05-27,17:56:11,57.177166,58.110062
2015-05-27,17:56:11,59.034191,59.088518
2015-05-27,17:56:11,58.364906,59.097863
2015-05-27,17:56:11,57.597741,58.535166
2015-05-27,17:56:11,58.887984,58.887984
2015-05-27,17:56:11,59.428826,59.759029
2015-05-27,17:56:12,58.291037,58.741684
2015-05-27,17:56:12,59.737301,60.041062
2015-05-27,17:56:12,60.332400,60.626216
2015-05-27,17:56:12,59.197685,59.371081
2015-05-27,17:56:12,58.161567,58.726016
2015-05-27,17:56:12,57.946562,58.476723
2015-05-27,17:56:12,58.218171,58.840500
2015-05-27,17:56:12,57.263755,59.257335
2015-05-27,17:56:13,57.348202,58.777197
2015-05-27,17:56:13,58.282127,58.694392
2015-05-27,17:56:13,57.524918,58.801885
2015-05-27,17:56:13,57.397933,58.834885
2015-05-27,17:56:13,58.376191,58.376191
2015-05-27,17:56:13,57.657451,57.850502
2015-05-27,17:56:13,57.104405,58.376625
2015-05-27,17:56:13,58.724306,59.873919
2015-05-27,17:56:14,58.260093,58.603652
2015-05-27,17:56:14,58.453177,59.895812
2015-05-27,17:56:14,58.703305,59.549209
2015-05-27,17:56:14,59.915659,59.915659
2015-05-27,17:56:14,62.143629,62.143629
2015-05-27,17:56:14,58.908358,60.115092
2015-05-27,17:56:14,62.077615,62.124595
2015-05-27,17:56:14,63.263968,65.757195
2015-05-27,17:56:15,61.958777,63.761411
2015-05-27,17:56:15,62.407947,63.050889
2015-05-27,17:56:15,65.069601,65.496291
2015-05-27,17:56:15,66.409785,66.409785
2015-05-27,17:56:15,66.429175,66.646110
2015-05-27,17:56:15,69.661835,70.616144
2015-05-27,17:56:15,66.602806,68.201602
2015-05-27,17:56:15,67.042875,67.075701
2015-05-27,17:56:16,66.947239,67.976106
2015-05-27,17:56:16,65.139377,67.039342
2015-05-27,17:56:16,64.147740,66.013302
2015-05-27,17:56:16,64.528250,64.615135
2015-05-27,17:56:16,64.393352,64.393352
2015-05-27,17:56:16,64.952920,65.750588
2015-05-27,17:56:16,64.123932,64.719737
2015-05-27,17:56:16,63.481799,64.720716
2015-05-27,17:56:17,62.040586,64.179079
2015-05-27,17:56:17,64.256310,64.403754
2015-05-27,17:56:17,61.132214,64.838274
2015-05-27,17:56:17,61.963051,61.963051
2015-05-27,17:56:17,61.858477,61.914826
2015-05-27,17:56:17,61.614417,62.349653
2015-05-27,17:56:17,61.293131,61.909155
2015-05-27,17:56:18,62.131912,62.233168
2015-05-27,17:56:18,62.361065,62.503159
2015-05-27,17:56:18,61.293082,61.318684
2015-05-27,17:56:18,59.018128,61.066956
2015-05-27,17:56:18,60.929291,61.246392
2015-05-27,17:56:18,60.688078,61.034203
2015-05-27,17:56:18,59.369208,60.604946
2015-05-27,17:56:18,60.094795,60.117030
2015-05-27,17:56:18,60.301911,60.637853
2015-05-27,17:56:19,60.262062,61.338661
2015-05-27,17:56:19,60.771596,60.771596
2015-05-27,17:56:19,59.931204,60.211817
2015-05-27,17:56:19,60.279025,60.372228
2015-05-27,17:56:19,59.907518,59.943736
2015-05-27,17:56:19,58.983280,61.212481
2015-05-27,17:56:19,59.434581,59.810143
2015-05-27,17:56:19,58.888629,60.260573
2015-05-27,17:56:20,59.933387,61.105342
2015-05-27,17:56:20,59.911995,60.049822
2015-05-27,17:56:20,60.542002,61.346028
2015-05-27,17:56:20,60.162178,61.395807
2015-05-27,17:56:20,60.642901,60.642901
2015-05-27,17:56:20,61.313689,61.992702
2015-05-27,17:56:20,59.787622,61.046520
2015-05-27,17:56:20,59.100855,59.621523
2015-05-27,17:56:21,61.860717,61.955764
2015-05-27,17:56:21,61.737090,61.737090
2015-05-27,17:56:21,60.225486,60.235013
2015-05-27,17:56:21,59.645128,59.731548
2015-05-27,17:56:21,60.653079,60.658814
2015-05-27,17:56:21,61.886228,61.886228
2015-05-27,17:56:21,59.529196,59.688094
2015-05-27,17:56:21,58.637575,59.850889
2015-05-27,17:56:22,58.417920,58.455227
2015-05-27,17:56:22,58.270004,59.357018
2015-05-27,17:56:22,59.086968,59.381229
2015-05-27,17:56:22,60.382214,60.762966
2015-05-27,17:56:22,60.752658,60.752658
2015-05-27,17:56:22,59.490804,60.028978
2015-05-27,17:56:22,62.205442,62.493551
2015-05-27,17:56:22,60.702053,60.914347
2015-05-27,17:56:22,59.632884,59.932013
2015-05-27,17:56:23,60.490286,60.978522
2015-05-27,17:56:23,60.590804,60.590804
2015-05-27,17:56:23,59.158404,60.063615
2015-05-27,17:56:23,58.623732,60.924908
2015-05-27,17:56:23,58.722144,59.523885
2015-05-27,17:56:23,59.732891,59.775294
2015-05-27,17:56:23,59.431445,60.058521
2015-05-27,17:56:23,60.551312,60.551312
2015-05-27,17:56:24,58.518112,61.436399
2015-05-27,17:56:24,59.005648,60.020617
2015-05-27,17:56:24,59.328466,59.328466
2015-05-27,17:56:24,59.102810,59.170892
2015-05-27,17:56:24,58.583975,60.234789
2015-05-27,17:56:24,59.032750,59.274829
2015-05-27,17:56:24,57.864896,58.838428
2015-05-27,17:56:24,58.171078,58.420269
2015-05-27,17:56:25,58.918457,59.268649
2015-05-27,17:56:25,57.883653,59.274388
2015-05-27,17:56:25,58.545770,58.610191
2015-05-27,17:56:25,56.840947,59.484334
2015-05-27,17:56:25,57.272223,58.366925
2015-05-27,17:56:25,58.204362,58.287467
2015-05-27,17:56:25,58.610165,58.716398
2015-05-27,17:56:25,57.291312,58.855858
2015-05-27,17:56:26,57.944751,58.264037
2015-05-27,17:56:26,57.014020,57.404184
2015-05-27,17:56:26,56.706237,58.026158
2015-05-27,17:56:26,57.751949,57.751949
2015-05-27,17:56:26,59.582723,59.620162
2015-05-27,17:56:26,56.306803,57.984832
2015-05-27,17:56:26,59.807382,60.026489
2015-05-27,17:56:26,58.667275,59.569412
2015-05-27,17:56:27,59.009542,59.046136
2015-05-27,17:56:27,58.751123,59.163684
2015-05-27,17:56:27,57.978568,58.147545
2015-05-27,17:56:27,58.983160,59.629758
2015-05-27,17:56:27,59.361302,59.398070
2015-05-27,17:56:27,60.174687,60.207816
2015-05-27,17:56:27,61.141293,61.164020
2015-05-27,17:56:27,58.967380,59.435168
2015-05-27,17:56:28,59.994161,60.022472
2015-05-27,17:56:28,58.728980,59.873088
2015-05-27,17:56:28,58.677418,59.033581
2015-05-27,17:56:28,56.995116,60.284423
2015-05-27,17:56:28,57.712647,59.159219
2015-05-27,17:56:28,59.336503,59.336503
2015-05-27,17:56:28,59.039918,59.296234
2015-05-27,17:56:28,60.029809,60.064282
2015-05-27,17:56:29,58.807565,59.227474
2015-05-27,17:56:29,60.054712,60.608513
2015-05-27,17:56:29,57.779387,58.834111
2015-05-27,17:56:29,60.315325,60.360059
2015-05-27,17:56:29,59.311940,61.012252
2015-05-27,17:56:29,59.058900,59.086467
2015-05-27,17:56:29,59.449319,59.509777
2015-05-27,17:56:29,58.852357,58.906976
2015-05-27,17:56:30,58.133449,59.699128
2015-05-27,17:56:30,58.310551,58.425214
2015-05-27,17:56:30,56.935329,57.695497
2015-05-27,17:56:30,58.087979,58.091035
2015-05-27,17:56:30,56.787622,57.293853
2015-05-27,17:56:30,57.647674,58.032505
2015-05-27,17:56:30,58.344155,58.479352
2015-05-27,17:56:30,57.230166,58.909992
2015-05-27,17:56:31,58.198580,58.347079
2015-05-27,17:56:31,56.386431,58.419442
2015-05-27,17:56:31,56.693078,56.862199
2015-05-27,17:56:31,56.245639,58.309641
2015-05-27,17:56:31,56.785272,57.336658
2015-05-27,17:56:31,56.591271,57.916586
2015-05-27,17:56:31,58.224794,58.378887
2015-05-27,17:56:31,55.625787,56.926777
2015-05-27,17:56:32,54.330964,56.326348
2015-05-27,17:56:32,54.913851,56.673922
2015-05-27,17:56:32,55.704152,56.232601
2015-05-27,17:56:32,55.520838,56.748699
2015-05-27,17:56:32,55.347605,56.659812
2015-05-27,17:56:32,57.306053,57.557514
2015-05-27,17:56:32,56.989764,57.057519
2015-05-27,17:56:32,55.933049,56.141190
2015-05-27,17:56:33,58.134861,58.252333
2015-05-27,17:56:33,58.000356,58.605862
2015-05-27,17:56:33,57.580355,57.724982
2015-05-27,17:56:33,57.365642,58.213100
2015-05-27,17:56:33,57.716835,59.333107
2015-05-27,17:56:33,57.273126,59.504088
2015-05-27,17:56:33,57.981700,59.273564
2015-05-27,17:56:33,58.722602,58.722602
2015-05-27,17:56:34,60.093808,60.142757
2015-05-27,17:56:34,57.602027,59.288079
2015-05-27,17:56:34,60.735198,60.738835
2015-05-27,17:56:34,59.852822,61.248526
2015-05-27,17:56:34,58.400314,59.148481
2015-05-27,17:56:34,60.469680,61.683919
2015-05-27,17:56:34,58.620571,59.417947
2015-05-27,17:56:34,59.888910,59.888910
2015-05-27,17:56:35,59.220521,60.567371
2015-05-27,17:56:35,59.739486,60.069461
2015-05-27,17:56:35,59.186611,59.770873
2015-05-27,17:56:35,59.607700,59.974592
2015-05-27,17:56:35,58.292568,59.432619
